Ngay,Dong cua,Mo cua,Cao nhat,Thap nhat,KL,% Thay doi
16/04/2024,1215.68,"1,218.64","1,222.45","1,191.73","120,785,611",-0.93(-0.08 %)
15/04/2024,1216.61,"1,274.02","1,281.81","1,216.61","128,180,780",-59.99(-4.70 %)
12/04/2024,1276.6,"1,262.96","1,278.39","1,259.5","247,058,701",18.4(1.46 %)
11/04/2024,1258.2,"1,249.88","1,262.03","1,248.11","43,901,038",-0.36(-0.03 %)
10/04/2024,1258.56,"1,266.48","1,268.72","1,258.56","65,055,327",-4.26(-0.34 %)
09/04/2024,1262.82,"1,252.4","1,262.82","1,247.7","63,387,748",12.47(1.00 %)
08/04/2024,1250.35,"1,255.37","1,258.4","1,246.87","81,699,030",-4.76(-0.38 %)
05/04/2024,1255.11,"1,258.58","1,265.14","1,253.56","31,862,243",-13.14(-1.04 %)
04/04/2024,1268.25,"1,271.87","1,277.62","1,265.12","56,434,639",-3.22(-0.25 %)
03/04/2024,1271.47,"1,285.3","1,288.99","1,271.47","79,863,760",-15.57(-1.21 %)
02/04/2024,1287.04,"1,276.38","1,287.04","1,268.48","54,516,561",5.52(0.43 %)
01/04/2024,1281.52,"1,282.84","1,286.8","1,274.09","62,026,535",-2.57(-0.20 %)
29/03/2024,1284.09,"1,292.7","1,292.75","1,282.44","118,165,503",-6.09(-0.47 %)
28/03/2024,1290.18,"1,293.03","1,293.9","1,285.52","115,916,673",7.09(0.55 %)
27/03/2024,1283.09,"1,286.34","1,286.72","1,276.95","114,458,865",0.88(0.07 %)
26/03/2024,1282.21,"1,267.95","1,282.5","1,264.42","77,989,658",14.35(1.13 %)
25/03/2024,1267.86,"1,278.86","1,286.84","1,264.51","76,091,634",-13.94(-1.09 %)
22/03/2024,1281.8,"1,281.56","1,291.27","1,276.38","196,916,593",5.38(0.42 %)
21/03/2024,1276.42,"1,269.96","1,276.42","1,264.2","112,532,603",16.34(1.30 %)
20/03/2024,1260.08,"1,243.79","1,261.55","1,235.46","54,307,937",17.62(1.42 %)
19/03/2024,1242.46,"1,246.54","1,249.75","1,238.92","131,148,990",-1.1(-0.09 %)
18/03/2024,1243.56,"1,266.11","1,269.9","1,221.67","89,673,851",-20.22(-1.60 %)
15/03/2024,1263.78,"1,263.76","1,271.63","1,252.36","48,429,845",-0.48(-0.04 %)
14/03/2024,1264.26,"1,276","1,276.41","1,258.67","34,804,824",-6.25(-0.49 %)
13/03/2024,1270.51,"1,250.2","1,270.51","1,247.64",0,25.51(2.05 %)
12/03/2024,1245,"1,235.4","1,248.33","1,233.14","42,756,568",9.51(0.77 %)
11/03/2024,1235.49,"1,248.32","1,254.01","1,233.49","51,144,457",-11.86(-0.95 %)
08/03/2024,1247.35,"1,272.62","1,274.3","1,247.35","36,783,174",-21.11(-1.66 %)
07/03/2024,1268.46,"1,263.23","1,269.88","1,260.24","65,153,646",5.73(0.45 %)
06/03/2024,1262.73,"1,269.8","1,277.51","1,256.3","18,307,564",-7.25(-0.57 %)
05/03/2024,1269.98,"1,262.89","1,269.98","1,257.81","82,943,029",8.57(0.68 %)
04/03/2024,1261.41,"1,264.07","1,268.25","1,256.54","121,861,420",3.13(0.25 %)
01/03/2024,1258.28,"1,256.72","1,258.76","1,247.87","70,109,621",5.55(0.44 %)
29/02/2024,1252.73,"1,259.59","1,264.39","1,247.7","76,972,005",-1.82(-0.15 %)
28/02/2024,1254.55,"1,241.77","1,254.55","1,236.32","58,557,999",17.09(1.38 %)
27/02/2024,1237.46,"1,228.93","1,237.6","1,226.49","64,391,398",13.29(1.09 %)
26/02/2024,1224.17,"1,212.93","1,225.21","1,210.52","51,479,977",12.17(1.00 %)
23/02/2024,1212,"1,230.3","1,240.81","1,211.55","64,777,762",-15.31(-1.25 %)
22/02/2024,1227.31,"1,229.85","1,232.09","1,226.15","42,351,736",-2.73(-0.22 %)
21/02/2024,1230.04,"1,231.78","1,234.22","1,222.92","102,199,481",-0.02(0.00 %)
20/02/2024,1230.06,"1,227.75","1,230.47","1,222.66","91,793,296",5.09(0.42 %)
19/02/2024,1224.97,"1,213.24","1,225.48","1,212.58","68,402,983",15.27(1.26 %)
16/02/2024,1209.7,"1,204.9","1,210.25","1,204.29","38,261,231",7.2(0.60 %)
15/02/2024,1202.5,"1,203.08","1,207.56","1,198.81","24,502,809",3.97(0.33 %)
07/02/2024,1198.53,"1,190.51","1,199.52","1,190.5","20,738,318",10.05(0.85 %)
06/02/2024,1188.48,"1,189.08","1,190.92","1,185.68","52,122,200",2.42(0.20 %)
05/02/2024,1186.06,"1,174.22","1,188.45","1,173.54","97,379,332",13.51(1.15 %)
02/02/2024,1172.55,"1,173.93","1,178.27","1,169.7","114,722,511",-0.47(-0.04 %)
01/02/2024,1173.02,"1,162.78","1,174.5","1,162.45","78,512,920",8.71(0.75 %)
31/01/2024,1164.31,"1,181.62","1,182.53","1,163.13","90,789,888",-15.34(-1.30 %)
30/01/2024,1179.65,"1,176.02","1,179.92","1,174.13","49,260,437",3.96(0.34 %)
29/01/2024,1175.69,"1,177.23","1,180.46","1,174.88","106,961,541",0.02(0.00 %)
26/01/2024,1175.67,"1,173.43","1,176.76","1,173.43","77,007,219",5.3(0.45 %)
25/01/2024,1170.37,"1,173.58","1,173.83","1,168.5","59,838,659",-2.6(-0.22 %)
24/01/2024,1172.97,"1,175.58","1,180.3","1,172","89,134,288",-4.53(-0.38 %)
23/01/2024,1177.5,"1,183.96","1,184.74","1,173.78","83,116,514",-5.36(-0.45 %)
22/01/2024,1182.86,"1,186.29","1,186.96","1,175.54","118,873,900",1.36(0.12 %)
19/01/2024,1181.5,"1,171.5","1,181.5","1,171.47","31,976,292",12.44(1.06 %)
18/01/2024,1169.06,"1,164.32","1,169.73","1,162.62","26,168,351",6.53(0.56 %)
17/01/2024,1162.53,"1,161.95","1,168.46","1,160.45","74,482,553",-0.59(-0.05 %)
16/01/2024,1163.12,"1,150.31","1,163.12","1,147.71","40,425,227",9(0.78 %)
15/01/2024,1154.12,"1,159.37","1,163.75","1,154.12","56,304,790",-0.58(-0.05 %)
12/01/2024,1154.7,"1,154.91","1,161.91","1,146.75","46,007,056",-7.52(-0.65 %)
11/01/2024,1162.22,"1,162.49","1,169.1","1,157.43","62,066,092",0.68(0.06 %)
10/01/2024,1161.54,"1,158.79","1,166.1","1,155.94","54,617,012",2.95(0.25 %)
09/01/2024,1158.59,"1,161.71","1,162.83","1,155.46","65,207,567",-1.6(-0.14 %)
08/01/2024,1160.19,"1,159.42","1,162.56","1,155.48","90,997,821",5.51(0.48 %)
05/01/2024,1154.68,"1,152.37","1,155.84","1,149.08","42,840,029",3.96(0.34 %)
04/01/2024,1150.72,"1,145.49","1,160.08","1,144.32","36,205,660",6.55(0.57 %)
03/01/2024,1144.17,"1,130.53","1,144.17","1,128.32","58,637,762",12.45(1.10 %)
02/01/2024,1131.72,"1,136.39","1,139.71","1,128.69","64,012,774",1.79(0.16 %)
29/12/2023,1129.93,"1,131.75","1,135.05","1,129.93","81,708,666",1(0.09 %)
28/12/2023,1128.93,"1,122.57","1,130.58","1,120.5","84,624,950",6.94(0.62 %)
27/12/2023,1121.99,"1,123.28","1,126.47","1,121.99","178,938,561",-0.26(-0.02 %)
26/12/2023,1122.25,"1,120.11","1,123.11","1,117.93","55,982,754",4.59(0.41 %)
25/12/2023,1117.66,"1,104.27","1,118.31","1,104.27","105,707,835",14.6(1.32 %)
22/12/2023,1103.06,"1,103.08","1,104.65","1,099.32","61,286,748",0.63(0.06 %)
21/12/2023,1102.43,"1,096.22","1,102.43","1,094.47","66,091,208",1.67(0.15 %)
20/12/2023,1100.76,"1,098.1","1,102.27","1,093.38","126,698,009",4.46(0.41 %)
19/12/2023,1096.3,"1,091.26","1,096.3","1,082.29","84,199,192",4.42(0.40 %)
18/12/2023,1091.88,"1,103.36","1,103.74","1,091.45",0,-10.42(-0.95 %)
15/12/2023,1102.3,"1,109.51","1,112.79","1,102.3","64,980,400",-7.83(-0.71 %)
14/12/2023,1110.13,"1,119.62","1,120.36","1,107.86","76,392,045",-4.07(-0.37 %)
13/12/2023,1114.2,"1,129.94","1,131.21","1,112.08","77,861,826",-13.43(-1.19 %)
12/12/2023,1127.63,"1,127.55","1,129.77","1,123.35","104,711,241",2.13(0.19 %)
11/12/2023,1125.5,"1,127.92","1,129.15","1,120.32","75,370,371",1.06(0.09 %)
08/12/2023,1124.44,"1,122.09","1,127.46","1,119.43","79,308,913",2.95(0.26 %)
07/12/2023,1121.49,"1,128.67","1,129.83","1,109.51","35,873,918",-4.94(-0.44 %)
06/12/2023,1126.43,"1,118.06","1,126.43","1,116.03","75,978,409",10.46(0.94 %)
05/12/2023,1115.97,"1,122.28","1,124.11","1,113.55","70,533,682",-4.52(-0.40 %)
04/12/2023,1120.49,"1,107.74","1,123.96","1,106.62","79,448,144",18.33(1.66 %)
01/12/2023,1102.16,"1,099.18","1,102.2","1,090.08","26,789,250",8.03(0.73 %)
30/11/2023,1094.13,"1,101.75","1,107.45","1,094.13","57,959,180",-8.67(-0.79 %)
29/11/2023,1102.8,"1,097.28","1,105.28","1,096.33","46,439,040",7.37(0.67 %)
28/11/2023,1095.43,"1,088.6","1,095.43","1,076.45","84,657,110",7.37(0.68 %)
27/11/2023,1088.06,"1,095.59","1,096.84","1,085.69","83,129,877",-7.55(-0.69 %)
24/11/2023,1095.61,"1,090.97","1,095.61","1,073.31","55,788,823",7.12(0.65 %)
23/11/2023,1088.49,"1,117.71","1,118.54","1,088.49","73,680,496",-25.33(-2.27 %)
22/11/2023,1113.82,"1,111.35","1,115.47","1,103.26","131,585,427",3.36(0.30 %)
21/11/2023,1110.46,"1,112.61","1,112.77","1,103.79","110,633,314",6.8(0.62 %)
20/11/2023,1103.66,"1,085.4","1,111.26","1,085.32","86,196,597",2.47(0.22 %)
17/11/2023,1101.19,"1,128.14","1,129.84","1,096.16","75,018,084",-24.34(-2.16 %)
16/11/2023,1125.53,"1,119.98","1,125.53","1,114.97","78,730,352",3.03(0.27 %)
15/11/2023,1122.5,"1,124.56","1,132.75","1,118.74","54,197,814",12.77(1.15 %)
14/11/2023,1109.73,"1,109.08","1,115.6","1,101.67","48,725,021",9.66(0.88 %)
13/11/2023,1100.07,"1,103.66","1,107.91","1,093.19","48,147,673",-1.61(-0.15 %)
10/11/2023,1101.68,"1,105.75","1,116.02","1,101.23","76,524,367",-12.21(-1.10 %)
09/11/2023,1113.89,"1,116.42","1,124.78","1,112.13","44,089,551",0.46(0.04 %)
08/11/2023,1113.43,"1,079.14","1,113.43","1,075.8","51,885,518",33.14(3.07 %)
07/11/2023,1080.29,"1,086.68","1,089.89","1,079.42","91,823,817",-9.37(-0.86 %)
06/11/2023,1089.66,"1,082.21","1,089.66","1,076.78","120,068,308",12.88(1.20 %)
03/11/2023,1076.78,"1,081.35","1,082.23","1,071.11","44,719,538",1.31(0.12 %)
02/11/2023,1075.47,"1,048.62","1,075.47","1,045.14","35,218,340",35.81(3.44 %)
01/11/2023,1039.66,"1,029","1,039.66","1,020.01","74,985,018",11.47(1.12 %)
31/10/2023,1028.19,"1,045.6","1,046.17","1,025.03","47,918,759",-14.21(-1.36 %)
30/10/2023,1042.4,"1,054.03","1,060.39","1,042.4","62,641,314",-18.22(-1.72 %)
27/10/2023,1060.62,"1,059.41","1,061.87","1,037.46","53,313,704",5.17(0.49 %)
26/10/2023,1055.45,"1,082.8","1,083.22","1,049.71","46,575,373",-46.21(-4.19 %)
25/10/2023,1101.66,"1,106.41","1,111.39","1,100.64","54,812,103",-4.24(-0.38 %)
24/10/2023,1105.9,"1,095.42","1,107.3","1,088.17","60,481,790",12.37(1.13 %)
23/10/2023,1093.53,"1,106.56","1,106.8","1,086.54","62,036,531",-14.5(-1.31 %)
20/10/2023,1108.03,"1,085.83","1,108.16","1,073.73","65,671,082",20.18(1.86 %)
19/10/2023,1087.85,"1,102.93","1,103.65","1,087.85","31,159,234",-15.55(-1.41 %)
18/10/2023,1103.4,"1,123.73","1,125.27","1,088.87","95,482,401",-18.25(-1.63 %)
17/10/2023,1121.65,"1,145.34","1,147.89","1,121.65","37,321,967",-19.77(-1.73 %)
16/10/2023,1141.42,"1,152.69","1,157.46","1,140.64","52,664,012",-13.31(-1.15 %)
13/10/2023,1154.73,"1,145.03","1,155.1","1,138.99","22,614,737",3.12(0.27 %)
12/10/2023,1151.61,"1,155.12","1,156.73","1,148.11","25,073,660",0.8(0.07 %)
11/10/2023,1150.81,"1,146.2","1,150.81","1,138.22","43,178,212",7.12(0.62 %)
10/10/2023,1143.69,"1,143.6","1,150.34","1,141.97","43,233,335",6.33(0.56 %)
09/10/2023,1137.36,"1,130.25","1,137.36","1,127.03","57,250,916",8.82(0.78 %)
06/10/2023,1128.54,"1,115.23","1,129.13","1,107.4","15,080,777",14.65(1.32 %)
05/10/2023,1113.89,"1,131.35","1,133.12","1,113.89","51,071,796",-14.78(-1.31 %)
04/10/2023,1128.67,"1,106.61","1,133.79","1,106.4","35,148,551",10.57(0.95 %)
03/10/2023,1118.1,"1,145.85","1,146.59","1,117.28","48,897,681",-37.15(-3.22 %)
02/10/2023,1155.25,"1,155.07","1,161.48","1,149.63","44,303,825",1.1(0.10 %)
29/09/2023,1154.15,"1,157.76","1,163.88","1,152.45","38,547,197",1.72(0.15 %)
28/09/2023,1152.43,"1,153.74","1,155.39","1,136.99","36,525,143",-1.42(-0.12 %)
27/09/2023,1153.85,"1,139.76","1,153.85","1,126.36","72,467,555",15.89(1.40 %)
26/09/2023,1137.96,"1,150.94","1,163.52","1,137.96","84,337,876",-15.24(-1.32 %)
25/09/2023,1153.2,"1,190.58","1,195.62","1,153.2","89,303,036",-39.85(-3.34 %)
22/09/2023,1193.05,"1,197.49","1,199.13","1,174.57","76,002,378",-19.69(-1.62 %)
21/09/2023,1212.74,"1,226.79","1,227.88","1,211.65","36,554,983",-13.37(-1.09 %)
20/09/2023,1226.11,"1,212.7","1,226.11","1,209.46","114,200,771",14.61(1.21 %)
19/09/2023,1211.5,"1,215.96","1,219.57","1,199.85","104,815,034",-0.31(-0.03 %)
18/09/2023,1211.81,"1,225.6","1,226.56","1,203.88","79,619,456",-15.55(-1.27 %)
15/09/2023,1227.36,"1,228.87","1,233.87","1,220.27","45,555,098",3.55(0.29 %)
14/09/2023,1223.81,"1,238.19","1,244.21","1,223.03","65,015,574",-14.58(-1.18 %)
13/09/2023,1238.39,"1,248.94","1,250.61","1,232.84","71,978,904",-7.05(-0.57 %)
12/09/2023,1245.44,"1,227.16","1,245.44","1,220.85","85,387,093",21.81(1.78 %)
11/09/2023,1223.63,"1,250.48","1,251.37","1,223.33","76,219,402",-17.85(-1.44 %)
08/09/2023,1241.48,"1,242.28","1,248.1","1,240.15","124,146,321",-1.66(-0.13 %)
07/09/2023,1243.14,"1,248.91","1,255.11","1,240.82","27,168,809",-2.36(-0.19 %)
06/09/2023,1245.5,"1,237.07","1,245.5","1,229.89","64,025,247",10.52(0.85 %)
05/09/2023,1234.98,"1,231.43","1,236.21","1,228.7","102,455,815",10.93(0.89 %)
31/08/2023,1224.05,"1,216","1,224.84","1,214.39","58,193,567",10.89(0.90 %)
30/08/2023,1213.16,"1,206.25","1,213.52","1,203.51","47,435,154",8.73(0.72 %)
29/08/2023,1204.43,"1,204.75","1,208.78","1,197.57","85,318,755",2.71(0.23 %)
28/08/2023,1201.72,"1,189.43","1,202.02","1,189.43",0,18.35(1.55 %)
25/08/2023,1183.37,"1,188.99","1,192.59","1,181.6",0,-6.02(-0.51 %)
24/08/2023,1189.39,"1,175.2","1,189.99","1,171.33","48,725,933",16.83(1.44 %)
23/08/2023,1172.56,"1,192.96","1,193.79","1,168.89","93,450,070",-7.93(-0.67 %)
22/08/2023,1180.49,"1,183.92","1,184.43","1,149.13","66,066,301",0.73(0.06 %)
21/08/2023,1179.76,"1,177.01","1,188.16","1,164.63","73,450,776",1.77(0.15 %)
18/08/2023,1177.99,"1,227.02","1,228.98","1,177.74","46,813,917",-55.49(-4.50 %)
17/08/2023,1233.48,"1,242.58","1,243.98","1,233.48","59,576,674",-9.78(-0.79 %)
16/08/2023,1243.26,"1,239.95","1,243.48","1,235.27","63,478,803",9.21(0.75 %)
15/08/2023,1234.05,"1,239.42","1,239.42","1,230.58","61,147,135",-2.79(-0.23 %)
14/08/2023,1236.84,"1,237.14","1,239.61","1,229.04",0,4.63(0.38 %)
11/08/2023,1232.21,"1,228.92","1,232.21","1,213.37","27,587,087",11.6(0.95 %)
10/08/2023,1220.61,"1,236.31","1,238.19","1,220.61","27,130,994",-13.38(-1.08 %)
09/08/2023,1233.99,"1,240.68","1,241.96","1,231.28","77,758,643",-8.24(-0.66 %)
08/08/2023,1242.23,"1,244.35","1,246.22","1,239.01","76,455,547",0.81(0.07 %)
07/08/2023,1241.42,"1,233.1","1,241.42","1,230.38","180,368,159",15.44(1.26 %)
04/08/2023,1225.98,"1,216.27","1,228.12","1,214.17","39,475,841",15.03(1.24 %)
03/08/2023,1210.95,"1,219.73","1,222.35","1,209.06","51,981,127",-9.48(-0.78 %)
02/08/2023,1220.43,"1,217.17","1,223.04","1,213.18","89,787,988",2.87(0.24 %)
01/08/2023,1217.56,"1,230.19","1,234.5","1,217.56","71,016,789",-5.34(-0.44 %)
31/07/2023,1222.9,"1,219.66","1,224.81","1,212.81","80,689,117",15.23(1.26 %)
28/07/2023,1207.67,"1,197.32","1,207.67","1,195.86","62,488,173",10.34(0.86 %)
27/07/2023,1197.33,"1,201.69","1,203.69","1,191.08","83,184,878",-3.51(-0.29 %)
26/07/2023,1200.84,"1,195.5","1,200.84","1,195.44","63,149,108",4.94(0.41 %)
25/07/2023,1195.9,"1,194.63","1,199.27","1,193.34","79,933,085",5.18(0.44 %)
24/07/2023,1190.72,"1,190.74","1,193.22","1,183.39","53,795,732",4.82(0.41 %)
21/07/2023,1185.9,"1,173.18","1,185.9","1,172.07","88,199,816",13.09(1.12 %)
20/07/2023,1172.81,"1,171.83","1,174.39","1,166.62","54,333,641",-0.17(-0.01 %)
19/07/2023,1172.98,"1,177.5","1,178.55","1,172.98","96,870,634",-1.11(-0.09 %)
18/07/2023,1174.09,"1,173.23","1,175.7","1,170.04","75,417,553",0.96(0.08 %)
17/07/2023,1173.13,"1,171.75","1,174.89","1,168.77","58,850,116",4.73(0.40 %)
14/07/2023,1168.4,"1,169.2","1,169.84","1,156.28","68,586,489",2.98(0.26 %)
13/07/2023,1165.42,"1,159.88","1,165.42","1,158.15","45,046,868",11.22(0.97 %)
12/07/2023,1154.2,"1,154.37","1,157.43","1,149.28","86,696,502",2.43(0.21 %)
11/07/2023,1151.77,"1,151.13","1,157.01","1,149.69","77,367,920",2.75(0.24 %)
10/07/2023,1149.02,"1,142.61","1,149.02","1,140.03","61,363,325",10.95(0.96 %)
07/07/2023,1138.07,"1,125.07","1,138.07","1,122.94","80,339,652",11.85(1.05 %)
06/07/2023,1126.22,"1,133.7","1,135.81","1,122.35","46,028,815",-8.4(-0.74 %)
05/07/2023,1134.62,"1,136.55","1,138.67","1,133.45","58,670,457",2.62(0.23 %)
04/07/2023,1132,"1,127.11","1,132.12","1,123.49","60,278,721",6.5(0.58 %)
03/07/2023,1125.5,"1,125.55","1,128.35","1,121.17","50,733,741",5.32(0.47 %)
30/06/2023,1120.18,"1,124.3","1,126.33","1,120.01","72,055,466",-5.21(-0.46 %)
29/06/2023,1125.39,"1,139.31","1,140.43","1,125.39","67,223,869",-12.96(-1.14 %)
28/06/2023,1138.35,"1,137.18","1,140.56","1,131.86","102,020,467",4.02(0.35 %)
27/06/2023,1134.33,"1,134.55","1,136.49","1,128.82","73,757,398",2.3(0.20 %)
26/06/2023,1132.03,"1,130.08","1,134","1,119.95","84,822,519",2.65(0.23 %)
23/06/2023,1129.38,"1,126.23","1,130.61","1,122.62","49,565,930",4.08(0.36 %)
22/06/2023,1125.3,"1,126.23","1,127.54","1,122.27","79,011,615",6.84(0.61 %)
21/06/2023,1118.46,"1,112.73","1,118.46","1,110.65","73,825,009",6.74(0.61 %)
20/06/2023,1111.72,"1,105.75","1,111.72","1,102.58","100,860,369",6.32(0.57 %)
19/06/2023,1105.4,"1,115.68","1,117.23","1,104.73","87,690,316",-9.82(-0.88 %)
16/06/2023,1115.22,"1,121.92","1,128.92","1,112.51","90,992,377",-1.75(-0.16 %)
15/06/2023,1116.97,"1,117.06","1,120.13","1,112.11","41,259,917",-0.45(-0.04 %)
14/06/2023,1117.42,"1,124.56","1,129.49","1,117.42","82,610,523",-5.04(-0.45 %)
13/06/2023,1122.46,"1,117.43","1,122.46","1,116.1","73,131,646",6.44(0.58 %)
12/06/2023,1116.02,"1,110.26","1,116.02","1,100.08","71,705,878",8.49(0.77 %)
09/06/2023,1107.53,"1,103.11","1,107.53","1,097.23","62,478,035",6.21(0.56 %)
08/06/2023,1101.32,"1,111.86","1,115.14","1,101.32","113,245,583",-8.22(-0.74 %)
07/06/2023,1109.54,"1,111.67","1,112.28","1,104.26","70,278,677",1.23(0.11 %)
06/06/2023,1108.31,"1,099.99","1,108.31","1,098.28","60,080,333",10.49(0.96 %)
05/06/2023,1097.82,"1,100.2","1,103.81","1,096.76","54,388,387",6.98(0.64 %)
02/06/2023,1090.84,"1,084.19","1,092.24","1,083.36","64,041,432",12.45(1.15 %)
01/06/2023,1078.39,"1,076.27","1,078.39","1,071.61","36,439,700",3.22(0.30 %)
31/05/2023,1075.17,"1,078.39","1,079.11","1,071.38","62,588,275",-2.88(-0.27 %)
30/05/2023,1078.05,"1,078.82","1,079.31","1,071.01","106,935,542",3.07(0.29 %)
29/05/2023,1074.98,"1,067.27","1,077.18","1,067.27","104,686,251",11.22(1.05 %)
26/05/2023,1063.76,"1,067.11","1,067.28","1,063.76","43,383,213",-0.87(-0.08 %)
25/05/2023,1064.63,"1,061.95","1,065.5","1,057.91","53,327,351",2.84(0.27 %)
24/05/2023,1061.79,"1,069.11","1,069.61","1,060.6","102,120,726",-4.06(-0.38 %)
23/05/2023,1065.85,"1,073.2","1,073.96","1,062.15","52,196,382",-4.79(-0.45 %)
22/05/2023,1070.64,"1,067.32","1,070.64","1,065.88","76,446,466",3.57(0.33 %)
19/05/2023,1067.07,"1,069.62","1,070.15","1,058.56","93,851,998",-1.24(-0.12 %)
18/05/2023,1068.31,"1,063.72","1,073.41","1,060.94","58,652,072",7.87(0.74 %)
17/05/2023,1060.44,"1,066.46","1,069.95","1,060.44","73,203,159",-5.47(-0.51 %)
16/05/2023,1065.91,"1,068.54","1,069.27","1,063.65","87,166,587",0.2(0.02 %)
15/05/2023,1065.71,"1,075.08","1,076.32","1,065.71","49,034,958",-1.19(-0.11 %)
12/05/2023,1066.9,"1,057.7","1,066.9","1,053.97","37,283,402",9.78(0.93 %)
11/05/2023,1057.12,"1,060.75","1,063.69","1,056.72","26,826,720",-1.14(-0.11 %)
10/05/2023,1058.26,"1,055.62","1,058.67","1,053.34","66,122,411",4.49(0.43 %)
09/05/2023,1053.77,"1,055.42","1,058.71","1,052.68","61,888,203",0.33(0.03 %)
08/05/2023,1053.44,"1,040.31","1,053.44","1,040.31","58,816,564",13.13(1.26 %)
05/05/2023,1040.31,"1,040.22","1,043.22","1,036.69","107,887,203",-0.3(-0.03 %)
04/05/2023,1040.61,"1,046","1,048.16","1,038.18","54,218,468",-8.51(-0.81 %)
28/04/2023,1049.12,"1,043.18","1,049.12","1,042.04","38,778,413",9.49(0.91 %)
27/04/2023,1039.63,"1,041.03","1,044.25","1,037.62","45,279,283",-1.17(-0.11 %)
26/04/2023,1040.8,"1,034.02","1,040.8","1,029.19","90,237,490",5.95(0.57 %)
25/04/2023,1034.85,"1,045.79","1,045.79","1,032.49","47,333,588",-6.51(-0.63 %)
24/04/2023,1041.36,"1,045.31","1,047.18","1,038.36","96,566,234",-1.55(-0.15 %)
21/04/2023,1042.91,"1,050.05","1,050.4","1,041.26","33,327,840",-6.34(-0.60 %)
20/04/2023,1049.25,"1,050.02","1,051.86","1,045.85","39,328,769",0.27(0.03 %)
19/04/2023,1048.98,"1,057.88","1,058.14","1,047.47","67,539,025",-6.04(-0.57 %)
18/04/2023,1055.02,"1,055.85","1,057.15","1,050.89","40,779,735",1.21(0.11 %)
17/04/2023,1053.81,"1,053.15","1,054.72","1,049.11","45,419,670",0.92(0.09 %)
14/04/2023,1052.89,"1,067.18","1,068.79","1,052.89","62,045,744",-11.41(-1.07 %)
13/04/2023,1064.3,"1,070.87","1,070.88","1,062.26","77,294,018",-5.15(-0.48 %)
12/04/2023,1069.45,"1,071.66","1,072.7","1,066.43","65,291,633",-0.01(0.00 %)
11/04/2023,1069.46,"1,063.67","1,070.56","1,056.9","55,138,230",4.11(0.39 %)
10/04/2023,1065.35,"1,073.9","1,075.54","1,063.45","68,247,447",-4.36(-0.41 %)
07/04/2023,1069.71,"1,071.09","1,072.94","1,063.7","45,403,244",-1.2(-0.11 %)
06/04/2023,1070.91,"1,083.27","1,084.52","1,070.91","43,422,827",-9.95(-0.92 %)
05/04/2023,1080.86,"1,079.06","1,080.86","1,074.1","86,848,464",2.41(0.22 %)
04/04/2023,1078.45,"1,081.02","1,082.21","1,075.1","54,448,855",-0.83(-0.08 %)
03/04/2023,1079.28,"1,074.2","1,079.28","1,071.62","42,393,440",14.64(1.38 %)
31/03/2023,1064.64,"1,059.79","1,067.55","1,059.79","65,690,032",5.2(0.49 %)
30/03/2023,1059.44,"1,061.32","1,066.23","1,058.89","78,755,074",3.11(0.29 %)
29/03/2023,1056.33,"1,055.18","1,056.33","1,048.26","45,840,510",2.04(0.19 %)
28/03/2023,1054.29,"1,055.12","1,059.83","1,051.75","64,992,298",2.04(0.19 %)
27/03/2023,1052.25,"1,047.89","1,053.78","1,041.99","46,475,310",5.46(0.52 %)
24/03/2023,1046.79,"1,047.11","1,052.29","1,044.02","72,791,940",1.69(0.16 %)
23/03/2023,1045.1,"1,035.33","1,045.1","1,030.93","61,845,931",4.56(0.44 %)
22/03/2023,1040.54,"1,035.84","1,042.84","1,033.73","76,067,726",8.11(0.79 %)
21/03/2023,1032.43,"1,028.81","1,036.15","1,017.05","93,390,969",9.33(0.91 %)
20/03/2023,1023.1,"1,041.99","1,042.6","1,022.71","91,273,937",-22.04(-2.11 %)
17/03/2023,1045.14,"1,053.37","1,055.42","1,043.54","72,602,580",-2.26(-0.22 %)
16/03/2023,1047.4,"1,056.18","1,058.73","1,043.65","68,781,612",-14.79(-1.39 %)
15/03/2023,1062.19,"1,052.06","1,062.55","1,049.26","73,669,177",22.06(2.12 %)
14/03/2023,1040.13,"1,049.3","1,051.56","1,034.72","62,056,235",-12.67(-1.20 %)
13/03/2023,1052.8,"1,047.01","1,055.58","1,045.46","100,496,305",-0.2(-0.02 %)
10/03/2023,1053,"1,050.55","1,053.86","1,046.31","51,810,317",-2.95(-0.28 %)
09/03/2023,1055.95,"1,050.64","1,060.56","1,049.45","51,395,889",6.77(0.65 %)
08/03/2023,1049.18,"1,028.77","1,049.18","1,027.8","29,647,335",11.54(1.11 %)
07/03/2023,1037.84,"1,033.96","1,043.92","1,033.32","48,523,737",10.66(1.04 %)
06/03/2023,1027.18,"1,032.42","1,042.43","1,026.73","31,835,951",2.41(0.24 %)
03/03/2023,1024.77,"1,037.38","1,041.82","1,022.78","62,959,928",-12.84(-1.24 %)
02/03/2023,1037.61,"1,039.05","1,043.8","1,033.07","49,703,140",-2.94(-0.28 %)
01/03/2023,1040.55,"1,018.12","1,040.55","1,013.37","54,910,302",15.87(1.55 %)
28/02/2023,1024.68,"1,027.79","1,034.36","1,018.72","71,235,134",3.43(0.34 %)
27/02/2023,1021.25,"1,030.1","1,031.59","1,017.55","74,688,325",-18.31(-1.76 %)
24/02/2023,1039.56,"1,051.55","1,052.49","1,034.66","33,090,880",-14.1(-1.34 %)
23/02/2023,1053.66,"1,053.95","1,054.48","1,030.58","85,020,640",-0.62(-0.06 %)
22/02/2023,1054.28,"1,073.62","1,073.93","1,054.28","47,312,800",-27.95(-2.58 %)
21/02/2023,1082.23,"1,090.35","1,095.1","1,081.8","65,364,783",-4.46(-0.41 %)
20/02/2023,1086.69,"1,059.56","1,088.01","1,059.56","49,915,193",27.38(2.58 %)
17/02/2023,1059.31,"1,058.97","1,062.25","1,053.26","35,858,599",1.02(0.10 %)
16/02/2023,1058.29,"1,051.16","1,058.29","1,047.45","65,510,145",10.09(0.96 %)
15/02/2023,1048.2,"1,037.17","1,051.89","1,034.39","91,683,500",9.56(0.92 %)
14/02/2023,1038.64,"1,045.38","1,046.64","1,032.76","57,216,062",-5.06(-0.48 %)
13/02/2023,1043.7,"1,050.92","1,054.05","1,031.7","77,398,870",-11.6(-1.10 %)
10/02/2023,1055.3,"1,065.84","1,066.28","1,054.08","58,076,739",-8.73(-0.82 %)
09/02/2023,1064.03,"1,070.3","1,075.2","1,064.03","90,570,240",-8.19(-0.76 %)
08/02/2023,1072.22,"1,067.58","1,079.51","1,063.5","89,049,182",6.38(0.60 %)
07/02/2023,1065.84,"1,088.07","1,092.12","1,065.18","78,256,270",-23.45(-2.15 %)
06/02/2023,1089.29,"1,073.44","1,089.29","1,067.24","111,618,409",12.14(1.13 %)
03/02/2023,1077.15,"1,078.79","1,081.89","1,070.46","57,739,315",-0.44(-0.04 %)
02/02/2023,1077.59,"1,079.23","1,083.36","1,070.81","42,045,430",1.62(0.15 %)
01/02/2023,1075.97,"1,114.66","1,116.96","1,075.97","55,801,952",-35.21(-3.17 %)
31/01/2023,1111.18,"1,100.74","1,111.18","1,088.25","94,837,920",8.61(0.78 %)
30/01/2023,1102.57,"1,117.7","1,118.46","1,102.57","47,191,200",-14.53(-1.30 %)
27/01/2023,1117.1,"1,114.15","1,124.3","1,111.41","33,318,400",9.02(0.81 %)
19/01/2023,1108.08,"1,095.55","1,111.72","1,094.46","39,442,936",9.8(0.89 %)
18/01/2023,1098.28,"1,092.5","1,100.39","1,089.56","50,414,940",9.99(0.92 %)
17/01/2023,1088.29,"1,071.37","1,088.29","1,069.86","81,174,066",21.61(2.03 %)
16/01/2023,1066.68,"1,062.19","1,067.74","1,057.87","112,679,788",6.51(0.61 %)
13/01/2023,1060.17,"1,060.89","1,066.39","1,055.23","194,532,095",3.78(0.36 %)
12/01/2023,1056.39,"1,058.52","1,060.97","1,050.27","121,880,829",0.63(0.06 %)
11/01/2023,1055.76,"1,058.77","1,065.69","1,054.53","36,964,718",2.41(0.23 %)
10/01/2023,1053.35,"1,054.87","1,057.44","1,045.75","122,853,233",-0.86(-0.08 %)
09/01/2023,1054.21,"1,058.28","1,062.12","1,050.95","88,858,465",2.77(0.26 %)
06/01/2023,1051.44,"1,055.51","1,065.58","1,047.26","83,950,467",-4.38(-0.41 %)
05/01/2023,1055.82,"1,048.17","1,058.14","1,046.64","38,552,200",9.47(0.91 %)
04/01/2023,1046.35,"1,048.31","1,052.6","1,041.56","80,773,520",2.45(0.23 %)
03/01/2023,1043.9,"1,011.39","1,043.9","1,011.38","33,180,251",36.81(3.66 %)
30/12/2022,1007.09,"1,017.45","1,017.99","1,007.09","62,756,881",-2.2(-0.22 %)
29/12/2022,1009.29,"1,016.06","1,021.96","1,009.29","91,359,935",-6.37(-0.63 %)
28/12/2022,1015.66,"1,008.41","1,020.52",998.97,"198,180,865",11.09(1.10 %)
27/12/2022,1004.57,986.07,"1,007.88",983.67,"86,067,471",19.36(1.97 %)
26/12/2022,985.21,"1,019.66","1,021.89",985.21,"56,637,217",-35.13(-3.44 %)
23/12/2022,1020.34,"1,023.69","1,027.34","1,013.2","120,289,972",-2.27(-0.22 %)
22/12/2022,1022.61,"1,026.49","1,033.18","1,016.54","182,507,918",3.73(0.37 %)
21/12/2022,1018.88,"1,033.34","1,033.84","1,005.43","153,756,361",-4.25(-0.42 %)
20/12/2022,1023.13,"1,035.82","1,038.74","1,010.08","121,385,569",-15.27(-1.47 %)
19/12/2022,1038.4,"1,053.91","1,065.59","1,038.4","136,282,763",-14.08(-1.34 %)
16/12/2022,1052.48,"1,048.62","1,064.79","1,047.16","91,293,575",-2.84(-0.27 %)
15/12/2022,1055.32,"1,049.06","1,062.61","1,049.06","65,350,054",4.89(0.47 %)
14/12/2022,1050.43,"1,062.18","1,062.18","1,046.43","124,183,733",2.98(0.28 %)
13/12/2022,1047.45,"1,035.76","1,047.45","1,026.3","62,913,625",15.38(1.49 %)
12/12/2022,1032.07,"1,059.55","1,065.16","1,032.07","100,783,373",-19.74(-1.88 %)
09/12/2022,1051.81,"1,056.85","1,061.21","1,041.39","62,583,824",1.28(0.12 %)
08/12/2022,1050.53,"1,055.21","1,078.09","1,045.98","43,275,209",9.51(0.91 %)
07/12/2022,1041.02,"1,046.72","1,059.79","1,034.92","93,005,741",-7.67(-0.73 %)
06/12/2022,1048.69,"1,088.9","1,089.63","1,048.69","124,919,570",-44.98(-4.11 %)
05/12/2022,1093.67,"1,090.97","1,099.45","1,082.59","145,374,281",13.66(1.26 %)
02/12/2022,1080.01,"1,032.67","1,080.01","1,030.81","78,069,960",43.73(4.22 %)
01/12/2022,1036.28,"1,057.97","1,066.28","1,035.62","81,216,100",-12.14(-1.16 %)
30/11/2022,1048.42,"1,037.44","1,048.42","1,021.54","186,838,902",16.26(1.58 %)
29/11/2022,1032.16,"1,010.57","1,032.16",998.56,"82,459,564",26.47(2.63 %)
28/11/2022,1005.69,979.68,"1,006.22",979.48,"101,390,752",34.23(3.52 %)
25/11/2022,971.46,956.62,971.46,955.53,"68,131,324",23.75(2.51 %)
24/11/2022,947.71,941.44,950.03,934.31,"107,795,180",1.71(0.18 %)
23/11/2022,946,947.81,958.61,942.02,"53,193,566",-6.12(-0.64 %)
22/11/2022,952.12,953.78,985.28,948.52,"71,315,805",-8.53(-0.89 %)
21/11/2022,960.65,971.58,973.19,956.77,"75,016,959",-8.68(-0.90 %)
18/11/2022,969.33,967.18,971.77,939.73,"121,221,190",0.07(0.01 %)
17/11/2022,969.26,952.91,972.88,950.9,"134,926,649",26.36(2.80 %)
16/11/2022,942.9,876,945.42,873.78,"57,775,800",31(3.40 %)
15/11/2022,911.9,926.08,929.06,900.17,"9,549,072",-29.14(-3.10 %)
14/11/2022,941.04,939.94,945.29,923.53,"66,767,408",-13.49(-1.41 %)
11/11/2022,954.53,954.95,966.7,949.49,"90,224,758",7.29(0.77 %)
10/11/2022,947.24,974.76,976.31,935.78,"151,106,228",-38.35(-3.89 %)
09/11/2022,985.59,983.62,994.79,977.93,"116,732,706",3.94(0.40 %)
08/11/2022,981.65,960.93,981.86,956.97,"118,252,448",6.46(0.66 %)
07/11/2022,975.19,989.74,996.18,969.61,"112,817,333",-21.96(-2.20 %)
04/11/2022,997.15,"1,008.23","1,009.96",974.61,"58,389,000",-22.66(-2.22 %)
03/11/2022,1019.81,"1,011.41","1,023.95","1,010.65","38,445,491",-3.38(-0.33 %)
02/11/2022,1023.19,"1,033.51","1,034.73","1,018.64","89,885,500",-10.56(-1.02 %)
01/11/2022,1033.75,"1,034.77","1,043.53","1,027.39","38,135,713",5.81(0.57 %)
31/10/2022,1027.94,"1,028.24","1,030.32","1,005","80,537,943",41.79(4.24 %)
28/10/2022,1027.36,"1,035.41","1,044.57","1,026.53","139,017,152",-7.77(-0.75 %)
27/10/2022,1028.01,994.82,"1,028.01",990.48,"75,394,495",42.09(4.27 %)
26/10/2022,985.92,"1,000.71","1,004.55",984.71,"95,898,248",4.74(0.48 %)
25/10/2022,981.18,980.33,"1,011.39",962.45,"80,903,949",-22.66(-2.26 %)
24/10/2022,986.15,"1,021.25","1,023.51",977.41,"107,795,180",-33.67(-3.30 %)
21/10/2022,1019.82,"1,059.03","1,059.03","1,013.69","99,890,795",-38.63(-3.65 %)
20/10/2022,1058.45,"1,056.14","1,065.28","1,048.21","45,825,855",-1.62(-0.15 %)
19/10/2022,1060.07,"1,065.08","1,065.99","1,052.29","57,300,900",-3.59(-0.34 %)
18/10/2022,1063.66,"1,065.6","1,071.74","1,057.71","48,403,894",12.08(1.15 %)
17/10/2022,1051.58,"1,053.46","1,054.05","1,033.59","61,694,102",-10.27(-0.97 %)
14/10/2022,1061.85,"1,066.63","1,068.12","1,055.29","135,175,697",10.86(1.03 %)
13/10/2022,1050.99,"1,035.33","1,050.99","1,025.04","74,689,802",16.18(1.56 %)
12/10/2022,1034.81,"1,006.1","1,039.44","1,002.89","83,315,724",28.61(2.84 %)
11/10/2022,1006.2,"1,036.39","1,036.42",998.64,"91,194,224",-36.28(-3.48 %)
10/10/2022,1042.48,"1,019.67","1,051.02","1,012.94","151,106,228",6.57(0.63 %)
07/10/2022,1035.91,"1,061.93","1,062.23","1,022.38","88,641,989",-38.61(-3.59 %)
06/10/2022,1074.52,"1,105.31","1,106.97","1,072.57","45,861,756",-29.74(-2.69 %)
05/10/2022,1104.26,"1,092.12","1,110.21","1,092.12","55,097,574",26.12(2.42 %)
04/10/2022,1078.14,"1,095.65","1,100.42","1,069.74","68,956,037",-8.3(-0.76 %)
03/10/2022,1086.44,"1,124.46","1,126.46","1,079.86","52,241,654",-45.67(-4.03 %)
30/09/2022,1132.11,"1,115.2","1,135.47","1,099.44","117,219,943",6.04(0.54 %)
29/09/2022,1126.07,"1,157.09","1,159.49","1,126.07","75,477,416",-17.55(-1.53 %)
28/09/2022,1143.62,"1,158.53","1,162.6","1,142.79","30,968,880",-22.92(-1.96 %)
27/09/2022,1166.54,"1,177.51","1,180.75","1,166.44","51,485,660",-7.81(-0.67 %)
26/09/2022,1174.35,"1,186.72","1,190.27","1,159.12","55,192,277",-28.93(-2.40 %)
23/09/2022,1203.28,"1,212.61","1,216.59","1,201.45","42,168,696",-11.42(-0.94 %)
22/09/2022,1214.7,"1,200.61","1,214.7","1,196.64","37,572,539",4.15(0.34 %)
21/09/2022,1210.55,"1,213.47","1,217.28","1,204.68","66,184,627",-8.38(-0.69 %)
20/09/2022,1218.93,"1,212.08","1,218.93","1,199.71","61,165,395",13.5(1.12 %)
19/09/2022,1205.43,"1,231.45","1,233.46","1,202.07","60,154,195",-30.31(-2.45 %)
16/09/2022,1235.74,"1,243.38","1,246.17","1,230.37","37,917,935",-9.92(-0.80 %)
15/09/2022,1245.66,"1,246.92","1,250.93","1,243.45","44,108,317",4.89(0.39 %)
14/09/2022,1240.77,"1,229.76","1,242.17","1,228.51","33,517,968",0(0.00 %)
13/09/2022,1248.4,"1,251.1","1,252.35","1,243.87","63,261,721",0(0.00 %)
12/09/2022,1249.62,"1,255","1,257.8","1,248.97","19,460,950",0.84(0.07 %)
09/09/2022,1248.78,"1,241.26","1,248.78","1,228.54","43,985,987",14.18(1.15 %)
08/09/2022,1234.6,"1,251.22","1,251.36","1,234.6","41,832,024",-8.57(-0.69 %)
07/09/2022,1243.17,"1,274.68","1,275.07","1,243.17","55,678,181",-34.23(-2.68 %)
06/09/2022,1277.4,"1,277.35","1,286.92","1,277.35","43,467,359",0.05(0.00 %)
05/09/2022,1277.35,"1,280.26","1,285.7","1,275.35","58,516,600",-3.16(-0.25 %)
31/08/2022,1280.51,"1,276.32","1,285.29","1,274.99","36,892,481",1.12(0.09 %)
30/08/2022,1279.39,"1,274.99","1,287.65","1,274","52,326,366",8.59(0.68 %)
29/08/2022,1270.8,"1,263.81","1,270.8","1,249.17","51,899,924",-11.77(-0.92 %)
26/08/2022,1282.57,"1,291.34","1,295.12","1,280.05","54,601,134",-6.31(-0.49 %)
25/08/2022,1288.88,"1,280.44","1,289.18","1,280.28","61,841,364",11.72(0.92 %)
24/08/2022,1277.16,"1,275.65","1,280.36","1,272.33","82,074,044",6.35(0.50 %)
23/08/2022,1270.81,"1,253.45","1,270.81","1,253.45","43,927,669",10.38(0.82 %)
22/08/2022,1260.43,"1,264.64","1,270.57","1,255.83","52,661,955",-8.75(-0.69 %)
19/08/2022,1269.18,"1,272.23","1,280","1,263.45","39,413,379",-4.48(-0.35 %)
18/08/2022,1273.66,"1,273.45","1,283.15","1,268.64","40,658,477",-1.62(-0.13 %)
17/08/2022,1275.28,"1,276.76","1,280.61","1,271.97","67,671,587",0.59(0.05 %)
16/08/2022,1274.69,"1,274.08","1,275.93","1,271.11","48,193,473",0.49(0.04 %)
15/08/2022,1274.2,"1,268.56","1,274.24","1,267.14","48,618,773",11.87(0.94 %)
12/08/2022,1262.33,"1,250.76","1,262.33","1,248.65","33,218,580",10.26(0.82 %)
11/08/2022,1252.07,"1,267.37","1,268.03","1,245.85","45,217,140",-4.43(-0.35 %)
10/08/2022,1256.5,"1,255.69","1,260.36","1,253.89","67,372,332",-2.35(-0.19 %)
09/08/2022,1258.85,"1,260.36","1,263.14","1,252.84","66,374,088",2.1(0.17 %)
08/08/2022,1256.75,"1,252.36","1,258.84","1,252.04","65,326,802",4.01(0.32 %)
05/08/2022,1252.74,"1,250.25","1,253.75","1,245.05","94,248,352",-1.41(-0.11 %)
04/08/2022,1254.15,"1,252.49","1,257.38","1,247.38","68,812,864",4.39(0.35 %)
03/08/2022,1249.76,"1,233.84","1,250.2","1,232.41","87,156,299",8.14(0.66 %)
02/08/2022,1241.62,"1,230.31","1,241.91","1,224.11","83,301,211",10.27(0.83 %)
01/08/2022,1231.35,"1,209.05","1,231.35","1,209.04","26,837,292",22.3(1.84 %)
29/07/2022,1206.33,"1,214.32","1,217.84","1,206.33","53,259,326",-1.79(-0.15 %)
28/07/2022,1208.12,"1,201.77","1,214.03","1,198.68","48,308,485",17.08(1.43 %)
27/07/2022,1191.04,"1,180.83","1,191.04","1,178.58","57,344,236",5.97(0.50 %)
26/07/2022,1185.07,"1,189.42","1,194.15","1,184.44","46,474,005",-3.43(-0.29 %)
25/07/2022,1188.5,"1,191.43","1,198.16","1,184.32","27,779,674",-6.26(-0.52 %)
22/07/2022,1194.76,"1,199.16","1,202.69","1,194.76","29,519,532",-3.71(-0.31 %)
21/07/2022,1198.47,"1,195.03","1,201.91","1,194.97","29,687,053",4.33(0.36 %)
20/07/2022,1194.14,"1,188.12","1,198.63","1,185.82","46,904,708",15.81(1.34 %)
19/07/2022,1178.33,"1,176.48","1,180.46","1,168.99","48,437,510",1.84(0.16 %)
18/07/2022,1176.49,"1,184.74","1,184.93","1,174.7","42,663,815",-2.76(-0.23 %)
15/07/2022,1179.25,"1,183.15","1,189.66","1,178.12","50,084,932",-2.92(-0.25 %)
14/07/2022,1182.17,"1,170.7","1,182.17","1,170.04","34,679,461",8.25(0.70 %)
13/07/2022,1173.92,"1,174.82","1,182.21","1,170.92","32,618,637",-0.9(-0.08 %)
12/07/2022,1174.82,"1,154.31","1,174.82","1,153.55","48,481,073",19.53(1.69 %)
11/07/2022,1155.29,"1,161.3","1,165.23","1,144.55","49,381,157",-16.02(-1.37 %)
08/07/2022,1171.31,"1,173.93","1,177.18","1,164.23","37,982,568",4.83(0.41 %)
07/07/2022,1166.48,"1,148.97","1,166.48","1,142.8","47,774,470",16.87(1.47 %)
06/07/2022,1149.61,"1,167.33","1,175.26","1,147.63","42,188,928",-31.68(-2.68 %)
05/07/2022,1181.29,"1,198.42","1,200.99","1,181.29","47,609,709",-14.24(-1.19 %)
04/07/2022,1195.53,"1,206.47","1,208.96","1,192.63","38,904,359",-3.37(-0.28 %)
01/07/2022,1198.9,"1,193.04","1,202.41","1,170.95","28,205,508",1.3(0.11 %)
30/06/2022,1197.6,"1,218.22","1,220.51","1,197.6","38,641,412",-20.49(-1.68 %)
29/06/2022,1218.09,"1,208.11","1,219.58","1,207.38","40,738,915",-0.01(0.00 %)
28/06/2022,1218.1,"1,202.41","1,221.74","1,198.99","54,178,489",15.28(1.27 %)
27/06/2022,1202.82,"1,189.28","1,203.51","1,187.38","97,049,023",17.34(1.46 %)
24/06/2022,1185.48,"1,190.82","1,196.85","1,185.48","67,708,495",-3.4(-0.29 %)
23/06/2022,1188.88,"1,162.06","1,188.88","1,162.06","54,644,340",19.61(1.68 %)
22/06/2022,1169.27,"1,180.11","1,185.86","1,162.98","60,440,731",-3.2(-0.27 %)
21/06/2022,1172.47,"1,172.98","1,189.97","1,162.94","84,555,335",-7.93(-0.67 %)
20/06/2022,1180.4,"1,218.37","1,221.6","1,180.4","49,102,130",-36.9(-3.03 %)
17/06/2022,1217.3,"1,210.5","1,220.41","1,191.92","52,305,252",-19.33(-1.56 %)
16/06/2022,1236.63,"1,226.96","1,246.32","1,223","37,448,005",22.7(1.87 %)
15/06/2022,1213.93,"1,231.23","1,235.56","1,195.19","56,005,059",-16.38(-1.33 %)
14/06/2022,1230.31,"1,213.44","1,239.36","1,211.13","40,943,430",3.27(0.27 %)
13/06/2022,1227.04,"1,251.08","1,261.54","1,226.01","21,936,230",-57.04(-4.44 %)
10/06/2022,1284.08,"1,298.78","1,309.59","1,284.08","42,075,920",-23.72(-1.81 %)
09/06/2022,1307.8,"1,310.35","1,312.44","1,300.85","27,067,285",-0.11(-0.01 %)
08/06/2022,1307.91,"1,307.91","1,316.78","1,304.79","38,765,059",16.56(1.28 %)
07/06/2022,1291.35,"1,285.07","1,291.35","1,260.92","42,987,894",1.34(0.10 %)
06/06/2022,1290.01,"1,290.04","1,302.14","1,281.95","45,421,969",2.03(0.16 %)
03/06/2022,1287.98,"1,284.62","1,292.78","1,276.37","42,910,852",-0.64(-0.05 %)
02/06/2022,1288.62,"1,300.58","1,302.66","1,283.32","44,923,673",-10.9(-0.84 %)
01/06/2022,1299.52,"1,289.56","1,302.25","1,286.01","66,672,450",6.84(0.53 %)
31/05/2022,1292.68,"1,288.63","1,297.64","1,280.44","33,190,148",-1.24(-0.10 %)
30/05/2022,1293.92,"1,290.11","1,296.22","1,281.27","45,890,095",8.47(0.66 %)
27/05/2022,1285.45,"1,270.56","1,286.99","1,269.29","21,482,700",16.88(1.33 %)
26/05/2022,1268.57,"1,273.8","1,278.11","1,261.55","24,054,663",0.14(0.01 %)
25/05/2022,1268.43,"1,238.12","1,268.43","1,234.17","37,541,373",35.05(2.84 %)
24/05/2022,1233.38,"1,218.87","1,233.38","1,203.28","45,979,897",14.57(1.20 %)
23/05/2022,1218.81,"1,246.56","1,246.58","1,207.99","64,897,353",-21.9(-1.77 %)
20/05/2022,1240.71,"1,241.07","1,252.96","1,232.33","35,897,937",-0.93(-0.07 %)
19/05/2022,1241.64,"1,211.31","1,246.66","1,211.07","35,994,280",0.88(0.07 %)
18/05/2022,1240.76,"1,240.06","1,249.84","1,222.92","48,924,765",12.39(1.01 %)
17/05/2022,1228.37,"1,164.32","1,228.37","1,156.54","33,887,705",56.42(4.81 %)
16/05/2022,1171.95,"1,208.05","1,215.96","1,170.59","33,035,189",-10.82(-0.91 %)
13/05/2022,1182.77,"1,235.03","1,237.8","1,180.6","55,911,343",-56.07(-4.53 %)
12/05/2022,1238.84,"1,290.04","1,291.65","1,238.05","39,449,702",-62.69(-4.82 %)
11/05/2022,1301.53,"1,295.39","1,305.17","1,277.91","36,251,960",7.97(0.62 %)
10/05/2022,1293.56,"1,240.93","1,293.56","1,232.57","55,312,083",23.94(1.89 %)
09/05/2022,1269.62,"1,313.49","1,314.52","1,265.54","45,251,514",-59.64(-4.49 %)
06/05/2022,1329.26,"1,333.55","1,350.09","1,328.13","53,393,724",-31.42(-2.31 %)
05/05/2022,1360.68,"1,361.62","1,362.18","1,331.41","19,840,773",12(0.89 %)
04/05/2022,1348.68,"1,366.11","1,366.39","1,348.68","29,407,008",-18.12(-1.33 %)
29/04/2022,1366.8,"1,347.08","1,369.31","1,343.24","64,763,837",15.81(1.17 %)
28/04/2022,1350.99,"1,353.48","1,358.07","1,344.1","24,859,286",-2.78(-0.21 %)
27/04/2022,1353.77,"1,331.73","1,355.92","1,314.81","33,153,826",12.43(0.93 %)
26/04/2022,1341.34,"1,285.4","1,341.34","1,261.4","54,478,720",30.42(2.32 %)
25/04/2022,1310.92,"1,377.83","1,382.13","1,298.38","62,306,558",-68.31(-4.95 %)
22/04/2022,1379.23,"1,378.28","1,392.89","1,352.43","24,661,200",9.02(0.66 %)
21/04/2022,1370.21,"1,369.8","1,392.33","1,356.58","69,325,233",-36.24(-2.58 %)
20/04/2022,1384.72,"1,401.63","1,410.64","1,384.72","28,821,292",-21.73(-1.55 %)
19/04/2022,1406.45,"1,435.82","1,442.04","1,406.45","28,365,038",-65.67(-4.46 %)
18/04/2022,1432.6,"1,456.47","1,456.47","1,425.07","32,232,935",-25.96(-1.78 %)
15/04/2022,1458.56,"1,470.53","1,478.95","1,456.39","19,748,286",-13.56(-0.92 %)
14/04/2022,1472.12,"1,483.08","1,484.34","1,471.75","24,455,795",-5.08(-0.34 %)
13/04/2022,1477.2,"1,459.48","1,477.2","1,448.52","37,846,822",21.95(1.51 %)
12/04/2022,1455.25,"1,487.86","1,490.58","1,455.25","17,379,467",-26.75(-1.80 %)
08/04/2022,1482,"1,504.31","1,507.73","1,482","18,867,724",-20.35(-1.35 %)
07/04/2022,1502.35,"1,524.12","1,524.92","1,502.35","25,119,770",-20.55(-1.35 %)
06/04/2022,1522.9,"1,510.69","1,523.75","1,507.62","31,244,697",2.87(0.19 %)
05/04/2022,1520.03,"1,521.37","1,527.57","1,519.28","36,518,100",-4.67(-0.31 %)
04/04/2022,1524.7,"1,528.87","1,530.95","1,522.82","32,015,636",8.26(0.54 %)
01/04/2022,1516.44,"1,489.48","1,516.87","1,484.13","77,583,935",26.96(1.81 %)
31/03/2022,1492.15,"1,492.5","1,498.41","1,488.27","49,273,020",1.64(0.11 %)
30/03/2022,1490.51,"1,491.92","1,503.89","1,483.9","17,198,400",-7.25(-0.48 %)
29/03/2022,1497.76,"1,487.57","1,498.45","1,487.57","48,019,308",14.58(0.98 %)
28/03/2022,1483.18,"1,490.28","1,496.79","1,473.8","76,503,543",-15.32(-1.02 %)
25/03/2022,1498.5,"1,500.17","1,503.29","1,494.55","38,869,978",0.24(0.02 %)
24/03/2022,1498.26,"1,503.91","1,505.39","1,495.18","29,440,231",-4.08(-0.27 %)
23/03/2022,1502.34,"1,505.76","1,513.9","1,501.67","60,903,132",-1.44(-0.10 %)
22/03/2022,1503.78,"1,500.08","1,507.71","1,498.48","39,859,665",8.83(0.59 %)
21/03/2022,1494.95,"1,469.1","1,494.95","1,469.1","63,729,614",25.85(1.76 %)
18/03/2022,1469.1,"1,466.14","1,474.86","1,465.57","50,113,760",7.76(0.53 %)
17/03/2022,1461.34,"1,466.56","1,467.74","1,459.14","33,761,308",2.01(0.14 %)
16/03/2022,1459.33,"1,459.97","1,462.98","1,453.91","79,554,942",6.59(0.45 %)
15/03/2022,1452.74,"1,445.05","1,453.07","1,437.27","31,483,567",6.49(0.45 %)
14/03/2022,1446.25,"1,459.28","1,466.54","1,439.19","40,972,501",-20.29(-1.38 %)
11/03/2022,1466.54,"1,478.23","1,480.29","1,458.88","21,413,631",-12.54(-0.85 %)
10/03/2022,1479.08,"1,473.74","1,488.59","1,473.74","20,847,397",5.34(0.36 %)
09/03/2022,1473.74,"1,478.16","1,482.86","1,462.8","40,148,346",0.03(0.00 %)
08/03/2022,1473.71,"1,499.05","1,499.05","1,473.71","52,299,113",-25.34(-1.69 %)
07/03/2022,1499.05,"1,500.65","1,505.33","1,493.87","37,467,921",-6.28(-0.42 %)
04/03/2022,1505.33,"1,506.79","1,509.19","1,501.39","52,247,690",0.33(0.02 %)
03/03/2022,1505,"1,492.42","1,505","1,485.52","26,058,988",19.48(1.31 %)
02/03/2022,1485.52,"1,499.37","1,500.41","1,479.55","26,496,330",-13.26(-0.88 %)
01/03/2022,1498.78,"1,493.41","1,501.73","1,490.13","33,562,982",8.65(0.58 %)
28/02/2022,1490.13,"1,499.31","1,502.36","1,487.57","31,481,425",-8.76(-0.58 %)
25/02/2022,1498.89,"1,504.37","1,512.05","1,494.85","31,849,310",4.04(0.27 %)
24/02/2022,1494.85,"1,511.84","1,513.25","1,473.76","19,592,084",-17.45(-1.15 %)
23/02/2022,1512.3,"1,509.42","1,520.78","1,503.47","31,288,950",8.83(0.59 %)
22/02/2022,1503.47,"1,497.46","1,510.84","1,484.81","29,670,588",-7.37(-0.49 %)
21/02/2022,1510.84,"1,504.96","1,516.63","1,500.97","54,225,106",6(0.40 %)
18/02/2022,1504.84,"1,494.3","1,507.99","1,492.38","24,907,900",-3.15(-0.21 %)
17/02/2022,1507.99,"1,492.56","1,507.99","1,492.1","26,802,250",15.89(1.06 %)
16/02/2022,1492.1,"1,499.03","1,499.5","1,486.68","84,604,411",-0.65(-0.04 %)
15/02/2022,1492.75,"1,473.92","1,495.56","1,470.06","33,166,800",20.79(1.41 %)
14/02/2022,1471.96,"1,485.75","1,495.99","1,471.96","58,951,904",-29.75(-1.98 %)
11/02/2022,1501.71,"1,503.37","1,508.54","1,499.06","58,876,970",-5.08(-0.34 %)
10/02/2022,1506.79,"1,505.38","1,512.88","1,495.7","50,511,790",1.41(0.09 %)
09/02/2022,1505.38,"1,500.78","1,511.72","1,499.53","35,949,611",4.39(0.29 %)
08/02/2022,1500.99,"1,495.58","1,503.33","1,491.78","32,392,507",3.33(0.22 %)
07/02/2022,1497.66,"1,497.55","1,505.69","1,478.96","24,773,365",18.7(1.26 %)
28/01/2022,1478.96,"1,471.47","1,484.48","1,465.22","38,458,179",8.2(0.56 %)
27/01/2022,1470.76,"1,475.45","1,486.39","1,464.06","41,628,640",-10.82(-0.73 %)
26/01/2022,1481.58,"1,485.83","1,490.45","1,478.41","44,199,632",2(0.14 %)
25/01/2022,1479.58,"1,433.2","1,479.58","1,424.36","39,651,050",39.87(2.77 %)
24/01/2022,1439.71,"1,465.33","1,472.89","1,432.18","31,454,369",-33.18(-2.25 %)
21/01/2022,1472.89,"1,470.96","1,477.23","1,463.06","26,210,448",7.59(0.52 %)
20/01/2022,1465.3,"1,439.06","1,469.08","1,432.58","22,812,305",22.51(1.56 %)
19/01/2022,1442.79,"1,444.6","1,449.11","1,434.46","75,734,849",3.85(0.27 %)
18/01/2022,1438.94,"1,444.16","1,452.84","1,424.65","32,532,626",-13.9(-0.96 %)
17/01/2022,1452.84,"1,499.47","1,503.86","1,452.84","59,812,339",-43.18(-2.89 %)
14/01/2022,1496.02,"1,477.34","1,503.25","1,476.68","47,686,066",-0.03(0.00 %)
13/01/2022,1496.05,"1,519.79","1,522.6","1,495.13","18,602,109",-14.46(-0.96 %)
12/01/2022,1510.51,"1,491.3","1,510.51","1,464.49","25,558,349",18.2(1.22 %)
11/01/2022,1492.31,"1,506.73","1,512.05","1,488.4","31,514,259",-11.4(-0.76 %)
10/01/2022,1503.71,"1,530.74","1,536.45","1,503.71","65,024,726",-24.77(-1.62 %)
07/01/2022,1528.48,"1,534.44","1,534.52","1,524.96","75,594,863",-0.09(-0.01 %)
06/01/2022,1528.57,"1,518.94","1,536.24","1,518.18","44,507,970",6.07(0.40 %)
05/01/2022,1522.5,"1,529.06","1,535.82","1,522.5","71,428,645",-3.08(-0.20 %)
04/01/2022,1525.58,"1,508.15","1,526.69","1,498.28","49,990,429",27.3(1.82 %)
31/12/2021,1498.28,"1,490.25","1,499.07","1,485.97","29,195,857",12.31(0.83 %)
30/12/2021,1485.97,"1,491.24","1,493.38","1,484.82","23,495,596",0.15(0.01 %)
29/12/2021,1485.82,"1,498.3","1,498.91","1,485.82","48,910,393",-8.57(-0.57 %)
28/12/2021,1494.39,"1,497.16","1,499.77","1,483.97","67,850,382",5.51(0.37 %)
27/12/2021,1488.88,"1,485.1","1,490.12","1,469.91","35,037,214",11.85(0.80 %)
24/12/2021,1477.03,"1,465","1,478.8","1,456.32","33,407,383",20.07(1.38 %)
23/12/2021,1456.96,"1,480.52","1,481.21","1,447.14","93,381,413",-20.71(-1.40 %)
22/12/2021,1477.67,"1,485.4","1,489.24","1,471.84","36,351,136",-1.07(-0.07 %)
21/12/2021,1478.74,"1,475.31","1,486.09","1,472.43","34,850,428",1.41(0.10 %)
20/12/2021,1477.33,"1,482.09","1,483.85","1,468.88","52,997,576",-2.46(-0.17 %)
17/12/2021,1479.79,"1,481.76","1,487.73","1,476.61","47,640,858",3.18(0.22 %)
16/12/2021,1476.61,"1,481.85","1,482.32","1,468.95","36,920,267",1.11(0.08 %)
15/12/2021,1475.5,"1,476.02","1,481.67","1,468.21","42,494,006",-0.52(-0.04 %)
14/12/2021,1476.02,"1,476.82","1,485.14","1,469.21","48,312,993",-0.19(-0.01 %)
13/12/2021,1476.21,"1,471.96","1,481.7","1,470.08","47,290,202",12.67(0.87 %)
10/12/2021,1463.54,"1,470.55","1,475.85","1,461.78","16,535,447",-4.44(-0.30 %)
09/12/2021,1467.98,"1,448.29","1,467.98","1,446.88","30,259,054",15.11(1.04 %)
08/12/2021,1452.87,"1,446.77","1,460.28","1,446.77","34,844,649",6.1(0.42 %)
07/12/2021,1446.77,"1,426.88","1,446.77","1,421.6","60,274,970",33.19(2.35 %)
06/12/2021,1413.58,"1,446.28","1,452.55","1,400.87","22,513,240",-29.74(-2.06 %)
03/12/2021,1443.32,"1,490.4","1,491.2","1,443.32","60,159,690",-38.73(-2.61 %)
02/12/2021,1482.05,"1,489.12","1,493.84","1,482.05","17,035,297",-3.14(-0.21 %)
01/12/2021,1485.19,"1,477.85","1,487.68","1,471.3","35,416,117",6.75(0.46 %)
30/11/2021,1478.44,"1,500.24","1,503.09","1,471.57","33,693,956",-6.4(-0.43 %)
29/11/2021,1484.84,"1,467.48","1,488.93","1,467.35","22,976,304",-8.19(-0.55 %)
26/11/2021,1493.03,"1,506.69","1,511.68","1,488.83","49,576,978",-7.78(-0.52 %)
25/11/2021,1500.81,"1,496.41","1,505.36","1,490.32","58,690,229",11.94(0.80 %)
24/11/2021,1488.87,"1,470.66","1,491.05","1,467.29","40,731,889",25.24(1.72 %)
23/11/2021,1463.63,"1,442.66","1,463.63","1,438.41","35,295,619",16.38(1.13 %)
22/11/2021,1447.25,"1,453.35","1,466.46","1,442.85","55,964,300",-5.1(-0.35 %)
19/11/2021,1452.35,"1,475","1,481.53","1,434.69","28,810,485",-17.48(-1.19 %)
18/11/2021,1469.83,"1,479.39","1,482.87","1,469.83","36,091,291",-6.02(-0.41 %)
17/11/2021,1475.85,"1,466.45","1,477.04","1,464.78","22,728,216",9.4(0.64 %)
16/11/2021,1466.45,"1,472.82","1,476.97","1,459.08","54,652,589",-10.12(-0.69 %)
15/11/2021,1476.57,"1,481.75","1,481.96","1,466.01","20,228,050",3.2(0.22 %)
12/11/2021,1473.37,"1,462.35","1,474.57","1,453.22","44,722,420",11.02(0.75 %)
11/11/2021,1462.35,"1,469.22","1,472.89","1,449.18","56,945,527",-2.67(-0.18 %)
10/11/2021,1465.02,"1,465.1","1,470.19","1,457.98","28,984,434",3.52(0.24 %)
09/11/2021,1461.5,"1,469.94","1,474.2","1,457.57","24,476,150",-6.07(-0.41 %)
08/11/2021,1467.57,"1,461.61","1,470.49","1,456.51","67,872,769",11.06(0.76 %)
05/11/2021,1456.51,"1,450.71","1,459.49","1,444.51","28,188,893",8.17(0.56 %)
04/11/2021,1448.34,"1,442.89","1,451.98","1,435.84","34,039,808",4.04(0.28 %)
03/11/2021,1444.3,"1,460.44","1,463.63","1,444.3","47,998,105",-8.16(-0.56 %)
02/11/2021,1452.46,"1,439.61","1,452.46","1,438.83","35,476,563",13.49(0.94 %)
01/11/2021,1438.97,"1,449.32","1,451.81","1,435.57","34,463,904",-5.3(-0.37 %)
29/10/2021,1444.27,"1,439.27","1,447.62","1,432.19","27,003,275",6.26(0.44 %)
28/10/2021,1438.01,"1,427.89","1,440.64","1,420.42","32,803,319",14.99(1.05 %)
27/10/2021,1423.02,"1,397.51","1,423.02","1,395.83","66,738,554",31.39(2.26 %)
26/10/2021,1391.63,"1,384.12","1,393.03","1,377.56","40,348,401",6.23(0.45 %)
25/10/2021,1385.4,"1,395.45","1,395.72","1,385.4","29,155,056",-3.84(-0.28 %)
22/10/2021,1389.24,"1,384.77","1,393.7","1,384.77","49,909,372",4.47(0.32 %)
21/10/2021,1384.77,"1,397.59","1,398.45","1,384.77","22,685,868",-9.03(-0.65 %)
20/10/2021,1393.8,"1,398.45","1,401.76","1,376.15","32,705,254",-1.53(-0.11 %)
19/10/2021,1395.33,"1,395.53","1,399.66","1,388.95","23,552,059",-0.2(-0.01 %)
18/10/2021,1395.53,"1,395.57","1,402.63","1,390.88","28,579,557",2.83(0.20 %)
15/10/2021,1392.7,"1,395.81","1,399.03","1,388","37,176,285",0.85(0.06 %)
14/10/2021,1391.85,"1,392.88","1,398.67","1,388.89","28,679,114",-0.06(0.00 %)
13/10/2021,1391.91,"1,398.21","1,400.67","1,389.61","34,727,391",-2.89(-0.21 %)
12/10/2021,1394.8,"1,398.03","1,400.78","1,389.43","31,549,786",0.71(0.05 %)
11/10/2021,1394.09,"1,377.53","1,394.64","1,377.3","40,440,671",21.36(1.56 %)
08/10/2021,1372.73,"1,365.99","1,373.18","1,365.93","26,839,876",6.74(0.49 %)
07/10/2021,1365.99,"1,365.54","1,367.64","1,360.57","31,813,116",3.17(0.23 %)
06/10/2021,1362.82,"1,359.63","1,362.82","1,354.63","41,370,264",8.19(0.60 %)
05/10/2021,1354.63,"1,345.43","1,354.63","1,343.48","57,777,510",15.09(1.13 %)
04/10/2021,1339.54,"1,337.74","1,347.49","1,334.4","33,194,866",4.65(0.35 %)
01/10/2021,1334.89,"1,339.68","1,344.06","1,332.97","128,745,258",-7.17(-0.53 %)
30/09/2021,1342.06,"1,341.83","1,348.89","1,341.15","36,370,498",2.85(0.21 %)
29/09/2021,1339.21,"1,338.8","1,340.9","1,328.17","34,065,551",-0.1(-0.01 %)
28/09/2021,1339.31,"1,319.53","1,341.81","1,316.41","37,478,670",14.32(1.08 %)
27/09/2021,1324.99,"1,353.39","1,354.38","1,324.99","53,571,327",-26.18(-1.94 %)
24/09/2021,1351.17,"1,354.84","1,356.97","1,348.07","11,529,627",-1.59(-0.12 %)
23/09/2021,1352.76,"1,357.65","1,361.09","1,350.43","33,833,639",2.08(0.15 %)
22/09/2021,1350.68,"1,339.84","1,350.71","1,336.63","48,865,926",10.84(0.81 %)
21/09/2021,1339.84,"1,335.96","1,350.48","1,324.82","35,048,100",-10.64(-0.79 %)
20/09/2021,1350.48,"1,361.12","1,365.92","1,349.18","41,247,340",-2.16(-0.16 %)
17/09/2021,1352.64,"1,347.66","1,356.45","1,347.13","37,965,291",6.77(0.50 %)
16/09/2021,1345.87,"1,351.85","1,353.12","1,341.23","27,087,540",0.04(0.00 %)
15/09/2021,1345.83,"1,338.11","1,347.7","1,334.97","46,466,903",6.13(0.46 %)
14/09/2021,1339.7,"1,343.38","1,349.13","1,336.84","36,468,701",-1.73(-0.13 %)
13/09/2021,1341.43,"1,348.07","1,350.69","1,340.5","29,957,020",-3.88(-0.29 %)
10/09/2021,1345.31,"1,348.74","1,350.43","1,345.07","38,838,895",1.33(0.10 %)
09/09/2021,1343.98,"1,333.61","1,345.59","1,332.67","41,339,754",10.37(0.78 %)
08/09/2021,1333.61,"1,343.92","1,344.49","1,328.35","23,481,112",-8.29(-0.62 %)
07/09/2021,1341.9,"1,349.13","1,353.66","1,340.32","15,500,878",-4.49(-0.33 %)
06/09/2021,1346.39,"1,340.71","1,348.36","1,339.8","45,880,834",11.74(0.88 %)
01/09/2021,1334.65,"1,328.54","1,338.02","1,328.26","31,073,124",3.18(0.24 %)
31/08/2021,1331.47,"1,332.62","1,336.14","1,325.69","16,188,255",3.33(0.25 %)
30/08/2021,1328.14,"1,323.39","1,329.62","1,313.2","27,991,205",14.94(1.14 %)
27/08/2021,1313.2,"1,301.12","1,313.2","1,285.16","22,530,154",12.08(0.93 %)
26/08/2021,1301.12,"1,313.18","1,316.26","1,295.77","18,502,843",-8.43(-0.64 %)
25/08/2021,1309.55,"1,300.74","1,310.16","1,291.7","37,623,683",10.81(0.83 %)
24/08/2021,1298.74,"1,304","1,307.56","1,289.16","64,552,431",-0.12(-0.01 %)
23/08/2021,1298.86,"1,322.62","1,327.04","1,298.86","25,384,610",-30.57(-2.30 %)
20/08/2021,1329.43,"1,374.85","1,374.85","1,317.52","31,201,939",-45.42(-3.30 %)
19/08/2021,1374.85,"1,360.61","1,374.85","1,352.94","73,451,853",13.91(1.02 %)
18/08/2021,1360.94,"1,361.24","1,370.5","1,355.83","46,884,608",-2.15(-0.16 %)
17/08/2021,1363.09,"1,377.7","1,379.7","1,359.11","34,369,079",-7.87(-0.57 %)
16/08/2021,1370.96,"1,357.05","1,372.33","1,357.05","27,023,065",13.91(1.03 %)
13/08/2021,1357.05,"1,352.56","1,357.41","1,336.74","23,832,446",4(0.30 %)
12/08/2021,1353.05,"1,356.27","1,364.26","1,353.05","22,931,350",-4.74(-0.35 %)
11/08/2021,1357.79,"1,365.05","1,374.03","1,357.79","33,901,477",-4.64(-0.34 %)
10/08/2021,1362.43,"1,367.99","1,370.35","1,358.12","35,744,370",2.57(0.19 %)
09/08/2021,1359.86,"1,337.78","1,361.12","1,334.69","52,153,684",18.41(1.37 %)
06/08/2021,1341.45,"1,348.24","1,351.85","1,341.45","52,673,477",-4.1(-0.30 %)
05/08/2021,1345.55,"1,331.14","1,346.62","1,326.8","39,613,480",10.81(0.81 %)
04/08/2021,1334.74,"1,337.72","1,340.76","1,328.4","34,169,903",2.3(0.17 %)
03/08/2021,1332.44,"1,316.15","1,332.44","1,315.57","24,312,152",18.22(1.39 %)
02/08/2021,1314.22,"1,308.69","1,322.35","1,304.49","21,268,718",4.17(0.32 %)
30/07/2021,1310.05,"1,298.01","1,311.97","1,296.95","23,978,600",16.45(1.27 %)
29/07/2021,1293.6,"1,286.33","1,293.6","1,282.88","12,760,762",16.53(1.29 %)
28/07/2021,1277.07,"1,273.48","1,281.17","1,271.78","40,400,869",0.14(0.01 %)
27/07/2021,1276.93,"1,283.67","1,288.35","1,276.53","44,418,122",4.22(0.33 %)
26/07/2021,1272.71,"1,268.83","1,277.33","1,254.57","41,438,921",3.88(0.31 %)
23/07/2021,1268.83,"1,288.83","1,295.63","1,268.83","29,440,750",-24.84(-1.92 %)
22/07/2021,1293.67,"1,270.79","1,294.16","1,266.54","38,826,437",22.88(1.80 %)
21/07/2021,1270.79,"1,277.27","1,284.33","1,266.71","53,686,681",-2.5(-0.20 %)
20/07/2021,1273.29,"1,243.51","1,273.29","1,225.52","24,030,438",29.78(2.39 %)
19/07/2021,1243.51,"1,270.18","1,276.55","1,237.79","43,249,559",-55.8(-4.29 %)
16/07/2021,1299.31,"1,298.38","1,304.37","1,296.06","36,345,140",5.39(0.42 %)
15/07/2021,1293.92,"1,270.77","1,299.18","1,270.77","18,283,495",14.01(1.09 %)
14/07/2021,1279.91,"1,297.54","1,305.37","1,264.68","39,291,543",-17.63(-1.36 %)
13/07/2021,1297.54,"1,305.36","1,307.73","1,278.3","33,947,463",1.24(0.10 %)
12/07/2021,1296.3,"1,338.11","1,340.65","1,270.06","40,549,883",-50.84(-3.77 %)
09/07/2021,1347.14,"1,365.28","1,373.51","1,335.9","37,582,363",-27.54(-2.00 %)
08/07/2021,1374.68,"1,381.11","1,385.75","1,363.92","16,784,017",-13.87(-1.00 %)
07/07/2021,1388.55,"1,361.76","1,388.55","1,334.58","40,716,230",33.76(2.49 %)
06/07/2021,1354.79,"1,412.93","1,418.99","1,354.79","26,221,549",-56.34(-3.99 %)
05/07/2021,1411.13,"1,420.27","1,421.52","1,394.12","38,049,267",-9.14(-0.64 %)
02/07/2021,1420.27,"1,422.89","1,424.28","1,415.82","47,493,064",3.19(0.23 %)
01/07/2021,1417.08,"1,412.15","1,417.27","1,402.18","44,229,394",4.93(0.35 %)
30/06/2021,1408.55,"1,410.83","1,419.61","1,408.18","54,111,138",-1.49(-0.11 %)
29/06/2021,1410.04,"1,408.34","1,416.34","1,405.81","25,395,202",4.23(0.30 %)
28/06/2021,1405.81,"1,397.96","1,406.02","1,390.56","40,642,596",15.69(1.13 %)
25/06/2021,1390.12,"1,382.11","1,390.12","1,372.8","71,418,848",10.4(0.75 %)
24/06/2021,1379.72,"1,376.87","1,384.71","1,372.99","49,903,658",2.85(0.21 %)
23/06/2021,1376.87,"1,383.15","1,388.33","1,372.06","62,709,176",-3.1(-0.22 %)
22/06/2021,1379.97,"1,380.84","1,385.98","1,372.63","46,752,305",7.34(0.53 %)
21/06/2021,1372.63,"1,373.59","1,381.74","1,367.85","34,360,280",-5.14(-0.37 %)
18/06/2021,1377.77,"1,366.19","1,377.77","1,359.92","55,151,899",17.85(1.31 %)
17/06/2021,1359.92,"1,353.84","1,353.84","1,337.49","51,920,039",3.4(0.25 %)
16/06/2021,1356.52,"1,363.85","1,370.14","1,350.73","25,934,450",-10.84(-0.79 %)
15/06/2021,1367.36,"1,361.58","1,372.72","1,356.59","20,141,435",5.64(0.41 %)
14/06/2021,1361.72,"1,352.73","1,368.53","1,352.73","45,053,637",9.98(0.74 %)
11/06/2021,1351.74,"1,326.79","1,352.47","1,322.08","20,510,058",28.16(2.13 %)
10/06/2021,1323.58,"1,332.9","1,336.71","1,317.49","43,102,212",-9.32(-0.70 %)
09/06/2021,1332.9,"1,323.52","1,339.14","1,312.08","42,476,993",13.02(0.99 %)
08/06/2021,1319.88,"1,355.36","1,364.48","1,318.11","41,310,700",-38.9(-2.86 %)
07/06/2021,1358.78,"1,374.59","1,375.74","1,347.21","30,998,235",-15.27(-1.11 %)
04/06/2021,1374.05,"1,367.06","1,374.05","1,360.42","47,428,149",9.77(0.72 %)
03/06/2021,1364.28,"1,345.21","1,366","1,340.78","40,178,702",23.5(1.75 %)
02/06/2021,1340.78,"1,330.99","1,344.98","1,330.82","416,580,520",3(0.22 %)
01/06/2021,1337.78,"1,329.47","1,346.34","1,328.84","27,964,403",9.73(0.73 %)
31/05/2021,1328.05,"1,326.65","1,328.05","1,307.56","30,598,399",7.59(0.57 %)
28/05/2021,1320.46,"1,307.79","1,323.09","1,300.06","42,450,944",16.89(1.30 %)
27/05/2021,1303.57,"1,318.42","1,319.67","1,299.99","43,203,732",-13.13(-1.00 %)
26/05/2021,1316.7,"1,308.04","1,317.3","1,304.68","33,127,930",8.12(0.62 %)
25/05/2021,1308.58,"1,299.19","1,308.58","1,297.23","34,443,742",10.6(0.82 %)
24/05/2021,1297.98,"1,287.5","1,299.83","1,283.93","31,258,770",14.05(1.09 %)
21/05/2021,1283.93,"1,272.84","1,289.03","1,268.46","42,425,945",5.71(0.45 %)
20/05/2021,1278.22,"1,264.62","1,278.22","1,255.78","33,586,474",15.73(1.25 %)
19/05/2021,1262.49,"1,254.78","1,262.71","1,250.58","41,760,849",9.81(0.78 %)
18/05/2021,1252.68,"1,259.57","1,262.22","1,249.02","27,794,435",-6.02(-0.48 %)
17/05/2021,1258.7,"1,272.55","1,277.83","1,258.5","49,744,736",-7.66(-0.60 %)
14/05/2021,1266.36,"1,266.43","1,271.45","1,259.97","50,170,443",4.37(0.35 %)
13/05/2021,1261.99,"1,262.98","1,273.49","1,261.99","27,692,226",-7.1(-0.56 %)
12/05/2021,1269.09,"1,251.97","1,269.09","1,249.18","32,302,353",13.05(1.04 %)
11/05/2021,1256.04,"1,265.11","1,272.55","1,256.04","57,392,341",-3.54(-0.28 %)
10/05/2021,1259.58,"1,239.96","1,259.58","1,236.85","37,591,120",17.77(1.43 %)
07/05/2021,1241.81,"1,245.48","1,250.5","1,231.92","27,937,752",-8.76(-0.70 %)
06/05/2021,1250.57,"1,255.42","1,261.49","1,246.64","51,174,446",-5.86(-0.47 %)
05/05/2021,1256.43,"1,244.69","1,265.93","1,242.2","56,441,436",14.23(1.15 %)
04/05/2021,1242.2,"1,222.08","1,242.8","1,212.56","81,316,065",20.12(1.65 %)
29/04/2021,1239.39,"1,234.91","1,239.39","1,231.25","29,113,630",9.84(0.80 %)
28/04/2021,1229.55,"1,220.26","1,230.91","1,217.49","15,934,753",9.8(0.80 %)
27/04/2021,1219.75,"1,213.84","1,220.96","1,204.14","67,062,909",3.98(0.33 %)
26/04/2021,1215.77,"1,251.25","1,251.25","1,214.14","39,776,746",-32.76(-2.62 %)
23/04/2021,1248.53,"1,227.18","1,248.53","1,216.15","25,534,310",20.71(1.69 %)
22/04/2021,1227.82,"1,264.31","1,271.98","1,227.82","30,306,627",-40.46(-3.19 %)
20/04/2021,1268.28,"1,267.74","1,286.32","1,261.28","39,865,100",7.7(0.61 %)
19/04/2021,1260.58,"1,243.58","1,260.58","1,233.77","40,935,355",21.87(1.77 %)
16/04/2021,1238.71,"1,245.06","1,254.61","1,227.14","32,651,537",-8.54(-0.68 %)
15/04/2021,1247.25,"1,262.25","1,265.87","1,247.25","25,180,026",-8.62(-0.69 %)
14/04/2021,1255.87,"1,240.9","1,255.87","1,233.01","33,657,084",7.54(0.60 %)
13/04/2021,1248.33,"1,262.44","1,268.02","1,247.66","46,348,113",-4.12(-0.33 %)
12/04/2021,1252.45,"1,236.79","1,252.45","1,231.66","26,599,003",20.79(1.69 %)
09/04/2021,1231.66,"1,231.51","1,234.98","1,227.6","71,805,160",-3.23(-0.26 %)
08/04/2021,1234.89,"1,242.38","1,246.4","1,232.26","26,709,249",-7.49(-0.60 %)
07/04/2021,1242.38,"1,237.39","1,242.38","1,232.52","44,216,870",2.42(0.20 %)
06/04/2021,1239.96,"1,233.37","1,244.63","1,231.14","34,837,679",3.91(0.32 %)
05/04/2021,1236.05,"1,245.28","1,245.28","1,228.18","50,625,472",11.6(0.95 %)
02/04/2021,1224.45,"1,225.76","1,228.29","1,221.07","49,198,295",8.35(0.69 %)
01/04/2021,1216.1,"1,194.59","1,217.26","1,191.44","33,047,480",21.51(1.80 %)
31/03/2021,1191.44,"1,187.44","1,196.45","1,186.4","29,476,685",5.08(0.43 %)
30/03/2021,1186.36,"1,179.64","1,187.29","1,172.85","69,700,690",10.68(0.91 %)
29/03/2021,1175.68,"1,169.65","1,175.77","1,165.78","58,324,945",13.47(1.16 %)
26/03/2021,1162.21,"1,162.71","1,165.76","1,137.9","32,488,753",-0.89(-0.08 %)
25/03/2021,1163.1,"1,164.41","1,170.76","1,154.44","71,686,680",1.29(0.11 %)
24/03/2021,1161.81,"1,169.42","1,183.45","1,154.22","96,229,005",-21.64(-1.83 %)
23/03/2021,1183.45,"1,190.28","1,191.47","1,177.1","35,940,893",-10.98(-0.92 %)
22/03/2021,1194.43,"1,200.05","1,200.21","1,189.31","71,743,966",0.38(0.03 %)
19/03/2021,1194.05,"1,195.47","1,199.67","1,191.96","74,307,317",-6.89(-0.57 %)
18/03/2021,1200.94,"1,196.6","1,200.94","1,186.09","40,310,348",14.85(1.25 %)
17/03/2021,1186.09,"1,178.64","1,186.09","1,176.26","46,424,578",6.19(0.52 %)
16/03/2021,1179.9,"1,184.91","1,184.91","1,171.76","41,074,412",-4.66(-0.39 %)
15/03/2021,1184.56,"1,183.89","1,186.06","1,178.8","36,487,332",3(0.25 %)
12/03/2021,1181.56,"1,185.21","1,186.52","1,178.14","26,972,294",-0.17(-0.01 %)
11/03/2021,1181.73,"1,170.08","1,183.73","1,170.08","35,060,998",11.65(1.00 %)
10/03/2021,1170.08,"1,163.86","1,170.59","1,154.89","153,525,273",8.11(0.70 %)
09/03/2021,1161.97,"1,160.96","1,168.27","1,150.94","19,335,902",-6.3(-0.54 %)
08/03/2021,1168.27,"1,180.33","1,181.25","1,164.02","18,035,906",-0.42(-0.04 %)
05/03/2021,1168.69,"1,164.19","1,169.56","1,155.6","20,498,107",0.17(0.01 %)
04/03/2021,1168.52,"1,191.78","1,191.9","1,159.48","37,190,370",-18.43(-1.55 %)
03/03/2021,1186.95,"1,184.73","1,189.18","1,180.25","41,384,009",0.34(0.03 %)
02/03/2021,1186.61,"1,196.16","1,196.16","1,181.99","40,220,867",0.44(0.04 %)
01/03/2021,1186.17,"1,176.93","1,186.82","1,174.45","49,625,810",17.7(1.51 %)
26/02/2021,1168.47,"1,148.88","1,169.28","1,148.88","23,101,304",3.04(0.26 %)
25/02/2021,1165.43,"1,169.97","1,169.97","1,155.74","15,996,256",3.42(0.29 %)
24/02/2021,1162.01,"1,184.32","1,185.58","1,154.36","26,876,826",-15.63(-1.33 %)
23/02/2021,1177.64,"1,174.57","1,184.32","1,168.32","22,577,831",2.6(0.22 %)
22/02/2021,1175.04,"1,173.57","1,182.67","1,169.12","50,819,242",1.54(0.13 %)
19/02/2021,1173.5,"1,160.65","1,178.18","1,157.6","19,265,890",-0.88(-0.07 %)
18/02/2021,1174.38,"1,157.1","1,174.38","1,148.66","16,778,323",18.6(1.61 %)
17/02/2021,1155.78,"1,127.46","1,155.78","1,114.93","45,213,425",40.85(3.66 %)
09/02/2021,1114.93,"1,090.88","1,114.93","1,078.98","24,121,090",27.63(2.54 %)
08/02/2021,1083.18,"1,127.06","1,127.06","1,075.1","53,433,093",-43.73(-3.88 %)
05/02/2021,1126.91,"1,114.79","1,126.91","1,112.19","54,288,369",14.72(1.32 %)
04/02/2021,1112.19,"1,112.97","1,117.88","1,098.85","30,628,997",0.9(0.08 %)
03/02/2021,1111.29,"1,084.87","1,113.24","1,075.53","41,907,948",35.76(3.32 %)
02/02/2021,1075.53,"1,036.95","1,075.53","1,029.36","44,597,187",40.02(3.86 %)
01/02/2021,1035.51,"1,062.13","1,074.52","1,035.51","45,887,251",-21.1(-2.00 %)
29/01/2021,1056.61,998.33,"1,076.11",998.33,"26,782,530",32.67(3.19 %)
28/01/2021,1023.94,"1,041.71","1,052.16","1,022.77","53,174,391",-73.23(-6.67 %)
27/01/2021,1097.17,"1,122.41","1,136.12","1,088.86","29,736,202",-38.95(-3.43 %)
26/01/2021,1136.12,"1,164.97","1,166.05","1,121.03","25,685,554",-29.93(-2.57 %)
25/01/2021,1166.05,"1,164.2","1,172.18","1,162.8","20,421,073",-0.73(-0.06 %)
22/01/2021,1166.78,"1,166.77","1,175.72","1,161.43","19,227,769",2.57(0.22 %)
21/01/2021,1164.21,"1,146.86","1,164.21","1,132.66","37,484,459",29.53(2.60 %)
20/01/2021,1134.68,"1,136.5","1,142.48","1,098.05","21,384,403",3.68(0.33 %)
19/01/2021,1131,"1,189.91","1,191.94","1,117.17","55,759,306",-60.94(-5.11 %)
18/01/2021,1191.94,"1,198.79","1,200.85","1,190.33","20,821,248",-2.26(-0.19 %)
15/01/2021,1194.2,"1,188.84","1,197.74","1,188.84","33,684,488",6.8(0.57 %)
14/01/2021,1187.4,"1,189.48","1,190.5","1,178.84","36,988,696",1.35(0.11 %)
13/01/2021,1186.05,"1,197.32","1,200.82","1,183.18","56,524,702",-6.23(-0.52 %)
12/01/2021,1192.28,"1,190.38","1,192.28","1,179.24","21,482,869",7.39(0.62 %)
11/01/2021,1184.89,"1,176.47","1,186.45","1,175","54,893,671",17.2(1.47 %)
08/01/2021,1167.69,"1,164.1","1,176.33","1,160.48","37,886,848",11.2(0.97 %)
07/01/2021,1156.49,"1,147.26","1,156.49","1,143.44","34,832,636",13.28(1.16 %)
06/01/2021,1143.21,"1,139.12","1,152.85","1,133.7","60,632,848",10.66(0.94 %)
05/01/2021,1132.55,"1,116.96","1,133.16","1,116.49","48,776,542",12.08(1.08 %)
04/01/2021,1120.47,"1,113.77","1,126.43","1,113.59","46,606,545",16.6(1.50 %)
31/12/2020,1103.87,"1,098.25","1,105.33","1,096.27","21,892,568",6.33(0.58 %)
30/12/2020,1097.54,"1,099.78","1,108.83","1,094.91","52,881,165",-1.95(-0.18 %)
29/12/2020,1099.49,"1,090.49","1,102.79","1,087.93","57,183,047",8.16(0.75 %)
28/12/2020,1091.33,"1,094.37","1,096.11","1,083.9","51,250,542",23.81(2.23 %)
25/12/2020,1084.42,"1,068.83","1,084.42","1,061.83","59,430,404",16.9(1.58 %)
24/12/2020,1067.52,"1,083.83","1,084.76","1,046.89","68,652,918",-11.38(-1.05 %)
23/12/2020,1078.9,"1,087.89","1,094.09","1,077.92","67,324,990",-4.55(-0.42 %)
22/12/2020,1083.45,"1,081.85","1,084.23","1,077.06","57,180,437",2.37(0.22 %)
21/12/2020,1081.08,"1,071.62","1,081.6","1,067.46","43,857,383",13.62(1.28 %)
18/12/2020,1067.46,"1,055.75","1,068.56","1,051.77","52,812,573",15.69(1.49 %)
17/12/2020,1051.77,"1,065.85","1,066.99","1,051.42","25,666,998",-15.22(-1.43 %)
16/12/2020,1066.99,"1,058.34","1,066.99","1,055.27","26,586,761",11.72(1.11 %)
15/12/2020,1055.27,"1,062.02","1,067.45","1,052.01","38,939,220",-8.82(-0.83 %)
14/12/2020,1064.09,"1,048.97","1,064.09","1,045.96","60,713,038",18.13(1.73 %)
11/12/2020,1045.96,"1,033.19","1,045.96","1,030.06","35,023,027",15.05(1.46 %)
10/12/2020,1030.91,"1,041.65","1,044.1","1,030.91","49,060,107",-8.22(-0.79 %)
09/12/2020,1039.13,"1,031.19","1,039.55","1,030.24","26,185,960",9.87(0.96 %)
08/12/2020,1029.26,"1,029.98","1,032.58","1,025.63","19,960,501",-0.72(-0.07 %)
07/12/2020,1029.98,"1,024.34","1,030.41","1,022.14","42,578,219",8.49(0.83 %)
04/12/2020,1021.49,"1,019.8","1,025.17","1,018.67","25,260,522",1.69(0.17 %)
03/12/2020,1019.8,"1,016.73","1,020.35","1,014.06","18,539,415",5.48(0.54 %)
02/12/2020,1014.32,"1,008.77","1,015.86","1,007.91","197,338,039",5.45(0.54 %)
01/12/2020,1008.87,988.71,"1,008.87",988.71,"31,128,008",20.16(2.04 %)
30/11/2020,1003.08,"1,011.82","1,012.5","1,002.61","61,729,494",-7.14(-0.71 %)
27/11/2020,1010.22,"1,006.68","1,010.22","1,004","48,708,029",4.25(0.42 %)
26/11/2020,1005.97,999.24,"1,005.97",994.91,"76,311,760",6.03(0.60 %)
25/11/2020,999.94,"1,000.39","1,002.31",995.76,"27,237,626",4.18(0.42 %)
24/11/2020,995.76,996.55,997.99,984.92,"36,806,966",1.57(0.16 %)
23/11/2020,994.19,991.87,995.9,985.38,"37,597,392",4.19(0.42 %)
20/11/2020,990,984.71,990,980.72,"27,546,862",6.74(0.69 %)
19/11/2020,983.26,975.32,983.26,973.53,"25,407,164",9.73(1.00 %)
18/11/2020,973.53,969.48,974.3,966.32,"31,075,038",4.63(0.48 %)
17/11/2020,968.9,955.52,968.9,950.79,"25,298,846",18.11(1.90 %)
16/11/2020,950.79,970.11,972.98,950.5,"33,015,649",-15.5(-1.60 %)
13/11/2020,966.29,959.56,966.29,959.13,"34,302,476",7.01(0.73 %)
12/11/2020,959.28,953.97,959.28,952.22,"23,035,136",7.06(0.74 %)
11/11/2020,952.22,954.46,956.65,947.61,"21,107,216",0.32(0.03 %)
10/11/2020,951.9,962.68,963.47,951.9,"30,131,122",-0.09(-0.01 %)
09/11/2020,951.99,942.15,951.99,938.29,"22,399,577",13.7(1.46 %)
06/11/2020,938.29,939.73,941.2,934.63,"16,625,036",0.54(0.06 %)
05/11/2020,937.75,940.32,945.51,937.75,"32,387,220",-2.01(-0.21 %)
04/11/2020,939.76,935.41,943.56,933.86,"20,292,342",4.35(0.47 %)
03/11/2020,935.41,936.73,937.57,932.18,"15,010,259",1.73(0.19 %)
02/11/2020,933.68,926.09,933.68,924.14,"23,706,844",8.21(0.89 %)
30/10/2020,925.47,925.41,926.32,911.2,"14,450,849",6.39(0.70 %)
29/10/2020,919.08,916.49,925.84,914.33,"78,379,546",-1.97(-0.21 %)
28/10/2020,921.05,942.82,946.91,921.05,"20,653,760",-25.42(-2.69 %)
27/10/2020,946.47,950.8,954.72,946.28,"38,806,613",-4.33(-0.46 %)
26/10/2020,950.8,967.52,970.15,950.8,"22,255,691",-10.46(-1.09 %)
23/10/2020,961.26,953.45,961.26,949.9,"59,006,856",11.36(1.20 %)
22/10/2020,949.9,938.06,949.9,933.78,"47,120,045",10.87(1.16 %)
21/10/2020,939.03,947.16,948.2,939,"38,945,277",-5.39(-0.57 %)
20/10/2020,944.42,941,944.54,937.32,"53,636,671",0.73(0.08 %)
19/10/2020,943.69,945.01,946.29,941.92,"35,439,484",0.39(0.04 %)
16/10/2020,943.3,944.03,946.23,935.98,"43,852,730",0.54(0.06 %)
15/10/2020,942.76,945.28,945.93,938.7,"27,886,477",2.58(0.27 %)
14/10/2020,940.18,931.89,940.18,931.89,"81,439,083",10.32(1.11 %)
13/10/2020,929.86,926.76,930.96,923.78,"35,224,801",4.03(0.44 %)
12/10/2020,925.83,930.78,933.13,923.28,"39,239,324",1.83(0.20 %)
09/10/2020,924,919.48,924,917.7,"43,715,779",5.16(0.56 %)
08/10/2020,918.84,922.08,922.08,913.89,"20,767,216",-0.88(-0.10 %)
07/10/2020,919.72,913.62,923.57,912.69,"25,504,304",4.05(0.44 %)
06/10/2020,915.67,918.11,918.93,912.77,"18,876,678",0.99(0.11 %)
05/10/2020,914.68,913.77,915.55,910.96,"29,523,966",4.77(0.52 %)
02/10/2020,909.91,914.09,916.67,897.72,"24,978,317",-4.18(-0.46 %)
01/10/2020,914.09,910.13,914.09,905.21,"20,447,757",3.96(0.44 %)
30/09/2020,905.21,904.34,907,900.44,"27,383,831",1.23(0.14 %)
29/09/2020,903.98,916.63,917.49,903.98,"23,628,691",-8.52(-0.93 %)
28/09/2020,912.5,911.2,913.6,908.27,"39,329,614",4.23(0.47 %)
25/09/2020,908.27,910.78,911.3,905.56,"31,875,502",-0.31(-0.03 %)
24/09/2020,908.58,910.53,914.51,907.32,"38,003,920",-3.92(-0.43 %)
23/09/2020,912.5,908.97,913.52,906.19,"62,101,590",6.31(0.70 %)
22/09/2020,906.19,905.9,909.69,902.47,"28,970,945",-1.75(-0.19 %)
21/09/2020,907.94,904.5,909.78,900.95,"52,879,800",6.99(0.78 %)
18/09/2020,900.95,896.08,902.11,894.04,"56,178,510",6.91(0.77 %)
17/09/2020,894.04,897.47,899.41,890.93,"20,157,171",-3.43(-0.38 %)
16/09/2020,897.47,897.43,897.58,894.63,"25,607,571",1.21(0.14 %)
15/09/2020,896.26,896.61,898.74,894.57,"34,820,427",1.69(0.19 %)
14/09/2020,894.57,891.89,895.31,888.97,"43,419,125",5.6(0.63 %)
11/09/2020,888.97,888.82,890.98,884.67,"36,033,435",0.15(0.02 %)
10/09/2020,888.82,895.29,896.78,888.82,"95,706,679",-0.5(-0.06 %)
09/09/2020,889.32,883.68,892.4,881.57,"30,034,263",-0.82(-0.09 %)
08/09/2020,890.14,891.61,894.58,884.88,"20,866,501",1.89(0.21 %)
07/09/2020,888.25,903.85,905.8,888.25,"42,641,639",-13.29(-1.47 %)
04/09/2020,901.54,896.02,903.97,893.86,"29,565,976",-2.43(-0.27 %)
03/09/2020,903.97,898.25,904.32,896.26,"39,306,532",12.24(1.37 %)
01/09/2020,891.73,882.4,892.51,880.79,"29,947,436",9.33(1.06 %)
31/08/2020,881.65,882.13,888.44,879.26,"18,244,566",2.67(0.30 %)
28/08/2020,878.98,878.79,885.86,874.71,"65,363,779",4.27(0.49 %)
27/08/2020,874.71,872.38,875.71,871.93,"32,392,154",1.24(0.14 %)
26/08/2020,873.47,873.62,876.97,871.78,"29,372,709",-0.65(-0.07 %)
25/08/2020,874.12,870.92,877.57,870.92,"47,340,855",5.44(0.63 %)
24/08/2020,868.68,860.35,868.68,854.78,"30,376,545",13.9(1.63 %)
21/08/2020,854.78,849.99,856.45,848.21,"23,033,213",6.57(0.77 %)
20/08/2020,848.21,851.21,856.99,847.44,"52,731,658",-3(-0.35 %)
19/08/2020,851.21,847.19,853.15,846.22,"24,490,077",4.78(0.56 %)
18/08/2020,846.43,846.43,851.06,845,"42,873,009",-3.72(-0.44 %)
17/08/2020,850.15,848.08,852.05,841.62,"20,947,690",-0.59(-0.07 %)
14/08/2020,850.74,854.29,860.32,848.38,"15,665,293",-4.31(-0.50 %)
13/08/2020,855.05,849.96,855.19,849.86,"15,914,688",8.13(0.96 %)
12/08/2020,846.92,844.19,848.54,842.88,"32,307,650",3.84(0.46 %)
11/08/2020,843.08,847.61,847.61,840.35,"21,311,216",-0.12(-0.01 %)
10/08/2020,843.2,845.11,849.52,843.2,"29,881,378",1.74(0.21 %)
07/08/2020,841.46,840.65,844.33,836.84,"27,074,198",1.42(0.17 %)
06/08/2020,840.04,838.01,844.16,833.56,"22,819,539",2.24(0.27 %)
05/08/2020,837.8,827.54,839.52,820.74,"39,798,334",10.23(1.24 %)
04/08/2020,827.57,822.86,827.57,820.2,"25,553,501",12.92(1.59 %)
03/08/2020,814.65,796.86,814.84,796.47,"51,391,829",16.26(2.04 %)
31/07/2020,798.39,787.78,803.55,786.98,"28,528,478",-2.74(-0.34 %)
30/07/2020,801.13,796.22,802.97,794.88,"23,759,597",10.29(1.30 %)
29/07/2020,790.84,800.39,800.39,779.82,"39,956,758",-22.52(-2.77 %)
28/07/2020,813.36,786.72,814.4,786.67,"14,663,426",28.19(3.59 %)
27/07/2020,785.17,794.14,808.74,780.64,"44,562,025",-43.99(-5.31 %)
24/07/2020,829.16,854.23,856.75,816.65,"60,866,397",-27.59(-3.22 %)
23/07/2020,856.75,854.92,857.22,851.97,"13,968,660",1.67(0.20 %)
22/07/2020,855.08,862.8,864,854.97,"70,084,807",-6.61(-0.77 %)
21/07/2020,861.69,863.94,864.7,856.94,"28,131,737",0.29(0.03 %)
20/07/2020,861.4,870.66,872.02,861.4,"27,217,731",-10.62(-1.22 %)
17/07/2020,872.02,873.48,875.07,871.89,"21,253,060",-4.81(-0.55 %)
16/07/2020,876.83,871.81,876.83,869.25,"18,748,184",6.92(0.80 %)
15/07/2020,869.91,872.8,876.69,868.11,"29,351,059",1.8(0.21 %)
14/07/2020,868.11,865.01,868.72,860.28,"31,974,475",-0.61(-0.07 %)
13/07/2020,868.72,874.85,876.83,866.99,"39,261,811",-2.49(-0.29 %)
10/07/2020,871.21,873.7,878.53,867.59,"35,307,467",-5.25(-0.60 %)
09/07/2020,876.46,867.66,878.36,864.5,"46,230,398",11.96(1.38 %)
08/07/2020,864.5,861.75,865.58,859.98,"53,104,166",1.08(0.13 %)
07/07/2020,863.42,865.46,870.63,861.16,"45,832,799",2.26(0.26 %)
06/07/2020,861.16,851.47,861.85,847.61,"16,518,128",13.55(1.60 %)
03/07/2020,847.61,845.26,848.16,842.38,"26,610,180",5.23(0.62 %)
02/07/2020,842.38,845.66,845.66,838.48,"32,144,368",-1.11(-0.13 %)
01/07/2020,843.49,827.67,844.26,826.38,"49,803,474",18.38(2.23 %)
30/06/2020,825.11,836.72,840.31,821.92,"45,411,477",-4.25(-0.51 %)
29/06/2020,829.36,846.26,851.98,826,"49,730,505",-22.62(-2.65 %)
26/06/2020,851.98,859.07,862.59,850.66,"37,101,119",-2.61(-0.31 %)
25/06/2020,854.59,851.09,856.23,849.65,"22,912,871",-5.12(-0.60 %)
24/06/2020,859.71,868.2,873.13,857.58,"23,894,210",-8.49(-0.98 %)
23/06/2020,868.2,871.12,873.2,864.02,"53,840,572",-3.08(-0.35 %)
22/06/2020,871.28,871.56,872.94,867.37,"13,726,363",2.72(0.31 %)
19/06/2020,868.56,857.77,868.56,857.77,"64,948,762",13.29(1.55 %)
18/06/2020,855.27,850.92,858.03,847.49,"32,463,593",0.83(0.10 %)
17/06/2020,854.44,861.05,861.05,852.27,"40,264,497",-1.69(-0.20 %)
16/06/2020,856.13,848.86,858.7,832.47,"50,557,846",23.66(2.84 %)
15/06/2020,832.47,867.52,868.16,832.47,"233,885,947",-31.05(-3.60 %)
12/06/2020,863.52,841.85,863.52,841.44,"36,416,963",-3.85(-0.44 %)
11/06/2020,867.37,900.48,903.7,867.37,"26,629,820",-33.31(-3.70 %)
10/06/2020,900.68,898.78,902.69,890.3,"17,048,696",-2.42(-0.27 %)
09/06/2020,899.43,902.26,904.89,898.87,"38,380,182",-0.49(-0.05 %)
08/06/2020,899.92,888.7,905.65,886.22,"45,842,513",13.7(1.55 %)
05/06/2020,886.22,883.4,886.59,878.5,"32,803,881",2.32(0.26 %)
04/06/2020,883.9,883.22,888.32,883.22,"25,330,680",2.73(0.31 %)
03/06/2020,881.17,876.73,881.17,874.01,"15,834,001",6.37(0.73 %)
02/06/2020,874.8,879.23,882.73,874.53,"40,890,489",-3.87(-0.44 %)
01/06/2020,878.67,868.97,878.67,864.47,"45,328,670",9.7(1.12 %)
29/05/2020,864.47,861.59,866.95,859.26,"21,332,610",3.08(0.36 %)
28/05/2020,861.39,858.97,866.17,856.48,"55,203,447",3.91(0.46 %)
27/05/2020,857.48,873.42,875.35,857.48,"29,851,683",-11.65(-1.34 %)
26/05/2020,869.13,861.47,869.65,859.04,"19,755,369",10.09(1.17 %)
25/05/2020,859.04,852.9,860.45,849.12,"40,902,868",6.3(0.74 %)
22/05/2020,852.74,859.29,860.65,852.08,"25,226,523",-9.99(-1.16 %)
21/05/2020,862.73,854.93,862.73,854.04,"27,036,739",9.82(1.15 %)
20/05/2020,852.91,843.26,852.91,842.21,"21,423,170",6.99(0.83 %)
19/05/2020,845.92,852.14,854.25,844.15,"86,434,819",8.91(1.06 %)
18/05/2020,837.01,827.49,837.61,823.08,"25,453,884",9.98(1.21 %)
15/05/2020,827.03,835.42,838.47,824.59,"21,383,181",-5.37(-0.65 %)
14/05/2020,832.4,830.97,836.19,826.17,"54,297,895",-1.81(-0.22 %)
13/05/2020,834.21,835.32,839.59,815.13,"28,348,988",-1.11(-0.13 %)
12/05/2020,835.32,827.29,835.95,819.66,"29,572,374",6.99(0.84 %)
11/05/2020,828.33,818.26,828.33,812.48,"82,254,526",14.6(1.79 %)
08/05/2020,813.73,800.32,825.72,800.2,"28,819,969",17.19(2.16 %)
07/05/2020,796.54,785.08,796.54,782.59,"25,576,229",13.95(1.78 %)
06/05/2020,782.59,767.3,782.59,765.37,"61,989,928",18.43(2.41 %)
05/05/2020,764.16,763.22,767.03,760.04,"42,894,495",1.69(0.22 %)
04/05/2020,762.47,766.14,769.73,761.64,"29,886,348",-6.64(-0.86 %)
29/04/2020,769.11,768.59,772.62,767.21,"38,829,091",1.9(0.25 %)
28/04/2020,767.21,773.31,776.13,763.66,"20,448,015",-3.56(-0.46 %)
27/04/2020,770.77,780.65,785.74,770.77,"49,757,342",-5.89(-0.76 %)
24/04/2020,776.66,777.28,778.3,767.31,"33,516,118",2.75(0.36 %)
23/04/2020,773.91,768.92,785.6,768.92,"12,000,303",4.99(0.65 %)
22/04/2020,768.92,752.8,774.94,749.97,"25,002,511",2.08(0.27 %)
21/04/2020,766.84,794.97,794.97,761.96,"23,539,200",-28.13(-3.54 %)
20/04/2020,794.97,796.17,797.49,786.73,"29,268,792",5.37(0.68 %)
17/04/2020,789.6,786.96,790.95,783.74,"33,733,042",8.9(1.14 %)
16/04/2020,780.7,773.11,781.06,770.91,"33,293,450",3.48(0.45 %)
15/04/2020,777.22,768.05,779.52,768.01,"46,621,950",9.81(1.28 %)
14/04/2020,767.41,769.01,769.53,753.85,"35,954,732",1.62(0.21 %)
13/04/2020,765.79,762.99,774.62,757.94,"34,080,827",7.85(1.04 %)
10/04/2020,757.94,759.08,764.36,751.59,"42,584,774",-2.39(-0.31 %)
09/04/2020,760.33,751.08,765.87,748.02,"26,151,877",12.31(1.65 %)
08/04/2020,748.02,740.03,748.36,730.12,"48,447,890",1.33(0.18 %)
07/04/2020,746.69,744.97,749.13,730.28,"13,312,640",9.94(1.35 %)
06/04/2020,736.75,716.22,736.75,701.8,"25,635,168",34.95(4.98 %)
03/04/2020,701.8,687.92,701.8,680.23,"30,647,886",21.57(3.17 %)
01/04/2020,680.23,658.8,684.96,657.41,"61,849,516",17.7(2.67 %)
31/03/2020,662.53,669.74,678.64,649.1,"28,792,158",0.27(0.04 %)
30/03/2020,662.26,663.91,665.56,657.36,"36,753,418",-33.8(-4.86 %)
27/03/2020,696.06,692.54,703.22,682.52,"107,763,430",1.85(0.27 %)
26/03/2020,694.21,689,700.76,680.1,"47,624,070",3.96(0.57 %)
25/03/2020,690.25,669.76,690.25,659.21,"55,929,650",31.04(4.71 %)
24/03/2020,659.21,666.59,666.59,652.27,"28,994,667",-7.38(-1.11 %)
23/03/2020,666.59,694.77,709.73,664.23,"54,855,135",-43.14(-6.08 %)
20/03/2020,709.73,728.55,729.35,709.73,"31,435,153",-16.21(-2.23 %)
19/03/2020,725.94,732.35,747.66,714.02,"17,462,925",-21.72(-2.91 %)
18/03/2020,747.66,747.4,752.65,742.12,"49,021,837",1.88(0.25 %)
17/03/2020,745.78,724.07,750.03,721.84,"75,906,461",-2.08(-0.28 %)
16/03/2020,747.86,758.28,758.59,737.58,"67,049,567",-13.92(-1.83 %)
13/03/2020,761.78,750.56,769.25,723.42,"62,999,540",-7.47(-0.97 %)
12/03/2020,769.25,778.06,811.35,762.12,"25,480,605",-42.1(-5.19 %)
11/03/2020,811.35,843.52,844.94,794.54,"36,112,330",-26.15(-3.12 %)
10/03/2020,837.5,813.83,843.28,806.63,"38,738,402",2.01(0.24 %)
09/03/2020,835.49,875.8,891.44,834.67,"34,348,653",-55.95(-6.28 %)
06/03/2020,891.44,888.96,893.31,882.71,"34,267,314",-1.87(-0.21 %)
05/03/2020,893.31,892.71,898.43,889.37,"21,546,849",3.94(0.44 %)
04/03/2020,889.37,887.85,890.61,882.83,"39,561,436",-1.24(-0.14 %)
03/03/2020,890.61,895.39,896.39,884.43,"34,043,992",6.18(0.70 %)
02/03/2020,884.43,878.43,886.45,877.31,"30,070,672",2.24(0.25 %)
28/02/2020,882.19,885.47,898.44,872.46,"55,130,720",-16.25(-1.81 %)
27/02/2020,898.44,892.15,899.34,889.14,"26,152,818",2.47(0.28 %)
26/02/2020,895.97,901.51,903.27,894.25,"9,751,390",-13.7(-1.51 %)
25/02/2020,909.67,893.95,909.67,893.95,"33,381,797",6.33(0.70 %)
24/02/2020,903.34,917.49,917.49,903.34,"34,262,429",-29.75(-3.19 %)
21/02/2020,933.09,938.13,940.53,932.32,"23,539,899",-5.04(-0.54 %)
20/02/2020,938.13,933.69,938.13,928.76,"10,439,258",9.37(1.01 %)
19/02/2020,928.76,926.41,931.66,925.86,"29,511,087",0.83(0.09 %)
18/02/2020,927.93,927.93,934.98,926.01,"21,144,984",-6.84(-0.73 %)
17/02/2020,934.77,938.52,938.52,931.66,"31,630,709",-2.68(-0.29 %)
14/02/2020,937.45,939.28,940.65,936.47,"30,435,691",-0.79(-0.08 %)
13/02/2020,938.24,937.19,939.1,934.47,"22,154,170",0.56(0.06 %)
12/02/2020,937.68,940.72,943.11,934.67,"38,391,380",3.01(0.32 %)
11/02/2020,934.67,930.73,936.04,930.73,"17,372,470",3.94(0.42 %)
10/02/2020,930.73,934.38,940.75,926.61,"20,677,048",-10.02(-1.07 %)
07/02/2020,940.75,938.61,943.48,935.94,"21,793,610",2.21(0.24 %)
06/02/2020,938.54,926.66,938.54,925.21,"15,030,904",12.63(1.36 %)
05/02/2020,925.91,934.75,936.33,921.89,"27,835,238",-3.18(-0.34 %)
04/02/2020,929.09,929.42,934.91,919.33,"18,542,770",0.95(0.10 %)
03/02/2020,928.14,916.6,936.62,891.85,"27,564,590",-8.48(-0.91 %)
31/01/2020,936.62,959.58,960.96,936.62,"41,405,419",-22.96(-2.39 %)
30/01/2020,959.58,975.15,991.46,954,"12,594,500",-31.88(-3.22 %)
22/01/2020,991.46,986.52,991.46,983.92,"18,264,792",5.09(0.52 %)
21/01/2020,986.37,978.82,986.37,978.63,"24,720,525",7.74(0.79 %)
20/01/2020,978.63,978.23,979.85,975.93,"44,342,629",-0.33(-0.03 %)
17/01/2020,978.96,976.28,980.02,973.79,"44,024,893",4.65(0.48 %)
16/01/2020,974.31,967.2,974.7,967.17,"49,581,769",6.75(0.70 %)
15/01/2020,967.56,967.69,967.69,964.84,"36,427,556",0.56(0.06 %)
14/01/2020,967,966.26,968.85,965.76,"61,032,014",1.16(0.12 %)
13/01/2020,965.84,966.89,968.63,964.79,"26,775,583",-2.7(-0.28 %)
10/01/2020,968.54,961.17,969.71,960.15,"58,013,210",8.39(0.87 %)
09/01/2020,960.15,953.86,960.73,948.98,"31,196,109",11.17(1.18 %)
08/01/2020,948.98,954.13,958.88,945.28,"137,061,230",-9.9(-1.03 %)
07/01/2020,958.88,955.79,959.46,953.19,"48,969,393",3.09(0.32 %)
06/01/2020,955.79,962.79,965.14,955.59,"43,743,994",-9.35(-0.97 %)
03/01/2020,965.14,968.72,970.88,965.14,"22,318,660",-1.53(-0.16 %)
02/01/2020,966.67,960.26,966.67,959.67,"67,385,376",5.68(0.59 %)
31/12/2019,960.99,965.71,965.71,958.22,"39,175,183",-4.04(-0.42 %)
30/12/2019,965.03,962.89,967.52,962.47,"27,473,960",1.52(0.16 %)
27/12/2019,963.51,957.7,963.51,954.19,"51,749,251",4.92(0.51 %)
26/12/2019,958.59,960.67,962.11,957.43,"103,904,597",-2.33(-0.24 %)
25/12/2019,960.92,958.18,962.83,957.5,"39,296,344",2.04(0.21 %)
24/12/2019,958.88,958.88,959.43,953.29,"50,981,115",-0.55(-0.06 %)
23/12/2019,959.43,959.55,960.71,956.41,"46,820,010",3.02(0.32 %)
20/12/2019,956.41,953.55,957.52,952.26,"55,773,188",4.15(0.44 %)
19/12/2019,952.26,950.61,955.85,946.74,"40,476,485",1.13(0.12 %)
